0.6121126245148,5,8400,0.0,0.1,0.2,0.3,0.0,0.5,0.0,0.9,0.8,0.6,3,1,3,4,5,4,5,3,0,0,0.01,0.75,evacuation_point0;map(['motorbike'::1383,'bicycle'::385,'pedestrian'::90])|evacuation_point1;map(['motorbike'::1515,'bicycle'::405,'pedestrian'::116,'car'::14])|evacuation_point2;map(['motorbike'::2280,'bicycle'::598,'pedestrian'::185,'car'::22])|evacuation_point3;map(['motorbike'::1041,'bicycle'::298,'pedestrian'::104,'car'::38])|evacuation_point4;map(['motorbike'::202,'bicycle'::56,'pedestrian'::10,'car'::17])|evacuation_point5;map(['motorbike'::1006,'pedestrian'::104,'bicycle'::255,'car'::32])|
0.5669923634392294,4,9480,0.0,0.1,0.2,0.3,0.0,0.5,0.0,0.9,0.8,0.6,3,1,3,4,5,4,5,3,0,0,0.01,0.75,evacuation_point0;map(['motorbike'::1137,'bicycle'::340,'pedestrian'::98])|evacuation_point1;map(['motorbike'::1495,'bicycle'::397,'pedestrian'::108,'car'::14])|evacuation_point2;map(['motorbike'::2458,'bicycle'::631,'pedestrian'::197,'car'::22])|evacuation_point3;map(['motorbike'::1085,'bicycle'::288,'pedestrian'::85,'car'::38])|evacuation_point4;map(['motorbike'::138,'bicycle'::39,'car'::17,'pedestrian'::8])|evacuation_point5;map(['motorbike'::1114,'pedestrian'::113,'bicycle'::302,'car'::32])|
0.8567519852030643,6,9840,0.0,0.1,0.2,0.3,0.0,0.5,0.0,0.9,0.8,0.6,3,1,3,4,5,4,5,3,0,0,0.01,0.75,evacuation_point0;map(['motorbike'::1027,'bicycle'::345,'pedestrian'::64])|evacuation_point1;map(['motorbike'::1534,'bicycle'::400,'pedestrian'::115,'car'::14])|evacuation_point2;map(['motorbike'::2444,'bicycle'::633,'pedestrian'::198,'car'::22])|evacuation_point3;map(['motorbike'::1220,'bicycle'::318,'pedestrian'::118,'car'::38])|evacuation_point4;map(['motorbike'::135,'bicycle'::25,'car'::17,'pedestrian'::1])|evacuation_point5;map(['motorbike'::1067,'pedestrian'::113,'bicycle'::276,'car'::32])|
0.06768243217448977,18,10080,0.4,0.3,0.3,0.5,0.2,0.2,0.8,0.7,0.4,0.1,2,5,2,5,2,0,2,2,1,1,0.01,0.75,evacuation_point0;map(['motorbike'::2028,'bicycle'::583,'pedestrian'::188,'car'::70])|evacuation_point1;map(['motorbike'::1578,'bicycle'::387,'pedestrian'::109,'car'::16])|evacuation_point2;map(['motorbike'::2396,'bicycle'::651,'pedestrian'::199,'car'::12])|evacuation_point3;map(['motorbike'::1165,'bicycle'::317,'pedestrian'::101,'car'::25])|evacuation_point4;map(['motorbike'::12,'bicycle'::2])|evacuation_point5;map(['motorbike'::248,'pedestrian'::12,'bicycle'::57])|
0.8843137505989721,14,11160,0.1,0.5,0.3,0.1,0.1,1.0,0.3,0.2,0.1,0.6,5,5,2,1,3,2,3,0,4,2,0.01,0.75,evacuation_point0;map(['motorbike'::2188,'bicycle'::602,'pedestrian'::176,'car'::30])|evacuation_point1;map(['motorbike'::1750,'bicycle'::495,'pedestrian'::151,'car'::11])|evacuation_point2;map(['motorbike'::1963,'bicycle'::508,'pedestrian'::156,'car'::13])|evacuation_point3;map(['motorbike'::976,'bicycle'::225,'pedestrian'::75,'car'::19])|evacuation_point4;map(['motorbike'::42,'bicycle'::11,'pedestrian'::9,'car'::12])|evacuation_point5;map(['motorbike'::503,'bicycle'::156,'pedestrian'::41,'car'::38])|
0.6980850702932101,13,11160,0.1,0.5,0.3,0.1,0.1,1.0,0.3,0.2,0.1,0.6,5,5,2,1,3,2,3,0,4,2,0.01,0.75,evacuation_point0;map(['motorbike'::2140,'bicycle'::569,'pedestrian'::163,'car'::30])|evacuation_point1;map(['motorbike'::1758,'bicycle'::434,'pedestrian'::134,'car'::11])|evacuation_point2;map(['motorbike'::1943,'bicycle'::539,'pedestrian'::151,'car'::13])|evacuation_point3;map(['bicycle'::302,'motorbike'::1092,'pedestrian'::114,'car'::19])|evacuation_point4;map(['motorbike'::30,'bicycle'::6,'pedestrian'::1,'car'::12])|evacuation_point5;map(['motorbike'::459,'bicycle'::147,'pedestrian'::45,'car'::38])|
0.527300154555511,12,11280,0.1,0.5,0.3,0.1,0.1,1.0,0.3,0.2,0.1,0.6,5,5,2,1,3,2,3,0,4,2,0.01,0.75,evacuation_point0;map(['motorbike'::1960,'bicycle'::561,'pedestrian'::157,'car'::30])|evacuation_point1;map(['motorbike'::1747,'bicycle'::449,'pedestrian'::141,'car'::11])|evacuation_point2;map(['motorbike'::2120,'bicycle'::554,'pedestrian'::178,'car'::13])|evacuation_point3;map(['bicycle'::286,'motorbike'::1106,'pedestrian'::86,'car'::19])|evacuation_point4;map(['motorbike'::17,'pedestrian'::2,'bicycle'::1,'car'::12])|evacuation_point5;map(['motorbike'::472,'pedestrian'::44,'bicycle'::146,'car'::38])|
0.40957266745037046,16,11520,0.4,0.3,0.3,0.5,0.2,0.2,0.8,0.7,0.4,0.1,2,5,2,5,2,0,2,2,1,1,0.01,0.75,evacuation_point0;map(['motorbike'::2051,'bicycle'::560,'pedestrian'::185,'car'::70])|evacuation_point1;map(['motorbike'::1552,'bicycle'::399,'pedestrian'::116,'car'::16])|evacuation_point2;map(['motorbike'::2608,'bicycle'::704,'pedestrian'::202,'car'::12])|evacuation_point3;map(['bicycle'::268,'motorbike'::987,'pedestrian'::88,'car'::25])|evacuation_point4;map(['motorbike'::8,'bicycle'::1,'pedestrian'::1])|evacuation_point5;map(['motorbike'::221,'pedestrian'::17,'bicycle'::65])|
0.022526737720449552,7,11520,0.0,0.1,0.2,0.3,0.0,0.5,0.0,0.9,0.8,0.6,3,1,3,4,5,4,5,3,0,0,0.01,0.75,evacuation_point0;map(['motorbike'::1123,'bicycle'::315,'pedestrian'::94])|evacuation_point1;map(['motorbike'::1454,'bicycle'::382,'pedestrian'::123,'car'::14])|evacuation_point2;map(['motorbike'::2466,'bicycle'::649,'pedestrian'::188,'car'::22])|evacuation_point3;map(['motorbike'::1146,'bicycle'::304,'pedestrian'::93,'car'::38])|evacuation_point4;map(['motorbike'::165,'bicycle'::48,'car'::17,'pedestrian'::7])|evacuation_point5;map(['motorbike'::1073,'pedestrian'::104,'bicycle'::299,'car'::32])|
0.12053599264779968,17,11520,0.4,0.3,0.3,0.5,0.2,0.2,0.8,0.7,0.4,0.1,2,5,2,5,2,0,2,2,1,1,0.01,0.75,evacuation_point0;map(['motorbike'::2032,'bicycle'::566,'pedestrian'::170,'car'::70])|evacuation_point1;map(['motorbike'::1609,'bicycle'::374,'pedestrian'::125,'car'::16])|evacuation_point2;map(['motorbike'::2506,'bicycle'::693,'pedestrian'::196,'car'::12])|evacuation_point3;map(['motorbike'::1051,'bicycle'::298,'pedestrian'::102,'car'::25])|evacuation_point4;map(['motorbike'::4,'bicycle'::2])|evacuation_point5;map(['motorbike'::225,'pedestrian'::16,'bicycle'::64])|
0.7875636238818264,1,11640,0.8,0.8,0.5,0.9,0.7,0.6,0.2,0.5,1.0,0.5,4,0,4,2,2,4,2,2,3,0,0.01,0.75,evacuation_point0;map(['motorbike'::2483,'bicycle'::663,'pedestrian'::223,'car'::62])|evacuation_point1;map(['motorbike'::1690,'bicycle'::438,'pedestrian'::150])|evacuation_point2;map(['motorbike'::1743,'bicycle'::478,'pedestrian'::130,'car'::24])|evacuation_point3;map(['motorbike'::1001,'bicycle'::273,'pedestrian'::57])|evacuation_point4;map(['motorbike'::108,'bicycle'::20,'pedestrian'::10,'car'::25])|evacuation_point5;map(['motorbike'::402,'pedestrian'::39,'bicycle'::125,'car'::12])|
0.009458075251779219,19,11760,0.4,0.3,0.3,0.5,0.2,0.2,0.8,0.7,0.4,0.1,2,5,2,5,2,0,2,2,1,1,0.01,0.75,evacuation_point0;map(['motorbike'::1969,'bicycle'::549,'pedestrian'::199,'car'::70])|evacuation_point1;map(['motorbike'::1591,'car'::17,'bicycle'::389,'pedestrian'::113])|evacuation_point2;map(['motorbike'::2591,'bicycle'::681,'pedestrian'::195,'car'::11])|evacuation_point3;map(['motorbike'::1016,'bicycle'::299,'pedestrian'::85,'car'::25])|evacuation_point4;map(['motorbike'::8,'bicycle'::5])|evacuation_point5;map(['motorbike'::252,'pedestrian'::17,'bicycle'::74])|
0.7902803591405262,22,12000,0.9,0.5,0.1,0.7,0.6,0.9,0.1,0.9,0.5,0.2,3,5,1,0,4,2,4,2,5,2,0.01,0.75,evacuation_point0;map(['motorbike'::1624,'bicycle'::415,'pedestrian'::131,'car'::29])|evacuation_point1;map(['motorbike'::1875,'bicycle'::510,'pedestrian'::130,'car'::14])|evacuation_point2;map(['motorbike'::1587,'bicycle'::433,'pedestrian'::116,'car'::11])|evacuation_point3;map(['motorbike'::1301,'bicycle'::354,'pedestrian'::134,'car'::28])|evacuation_point4;map(['motorbike'::738,'bicycle'::208,'pedestrian'::60,'car'::35])|evacuation_point5;map(['motorbike'::302,'pedestrian'::38,'bicycle'::77,'car'::6])|
0.919574997565818,3,12240,0.8,0.8,0.5,0.9,0.7,0.6,0.2,0.5,1.0,0.5,4,0,4,2,2,4,2,2,3,0,0.01,0.75,evacuation_point0;map(['motorbike'::2675,'bicycle'::757,'pedestrian'::232,'car'::62])|evacuation_point1;map(['motorbike'::1574,'bicycle'::414,'pedestrian'::122])|evacuation_point2;map(['motorbike'::1714,'bicycle'::448,'pedestrian'::116,'car'::24])|evacuation_point3;map(['motorbike'::935,'bicycle'::243,'pedestrian'::64])|evacuation_point4;map(['motorbike'::62,'bicycle'::17,'pedestrian'::12,'car'::25])|evacuation_point5;map(['pedestrian'::63,'motorbike'::467,'bicycle'::118,'car'::12])|
0.22164199914274085,0,12360,0.8,0.8,0.5,0.9,0.7,0.6,0.2,0.5,1.0,0.5,4,0,4,2,2,4,2,2,3,0,0.01,0.75,evacuation_point0;map(['motorbike'::2463,'bicycle'::652,'pedestrian'::212,'car'::62])|evacuation_point1;map(['motorbike'::1721,'bicycle'::468,'pedestrian'::140])|evacuation_point2;map(['motorbike'::1682,'bicycle'::461,'pedestrian'::125,'car'::24])|evacuation_point3;map(['motorbike'::1035,'bicycle'::269,'pedestrian'::66])|evacuation_point4;map(['motorbike'::157,'bicycle'::28,'car'::25,'pedestrian'::9])|evacuation_point5;map(['motorbike'::369,'pedestrian'::57,'bicycle'::119,'car'::12])|
0.30630794241902026,15,12480,0.1,0.5,0.3,0.1,0.1,1.0,0.3,0.2,0.1,0.6,5,5,2,1,3,2,3,0,4,2,0.01,0.75,evacuation_point0;map(['motorbike'::1958,'bicycle'::537,'pedestrian'::150,'car'::30])|evacuation_point1;map(['motorbike'::1673,'bicycle'::456,'pedestrian'::144,'car'::11])|evacuation_point2;map(['motorbike'::2331,'bicycle'::629,'pedestrian'::191,'car'::13])|evacuation_point3;map(['motorbike'::983,'bicycle'::243,'pedestrian'::80,'car'::19])|evacuation_point4;map(['motorbike'::29,'bicycle'::7,'pedestrian'::4,'car'::12])|evacuation_point5;map(['motorbike'::448,'pedestrian'::39,'bicycle'::125,'car'::38])|
0.7796495530529127,23,12600,0.9,0.5,0.1,0.7,0.6,0.9,0.1,0.9,0.5,0.2,3,5,1,0,4,2,4,2,5,2,0.01,0.75,evacuation_point0;map(['motorbike'::1518,'bicycle'::417,'pedestrian'::137,'car'::29])|evacuation_point1;map(['motorbike'::1995,'bicycle'::501,'pedestrian'::140,'car'::14])|evacuation_point2;map(['motorbike'::1668,'bicycle'::447,'pedestrian'::117,'car'::11])|evacuation_point3;map(['motorbike'::1192,'bicycle'::333,'pedestrian'::118,'car'::28])|evacuation_point4;map(['motorbike'::782,'bicycle'::227,'pedestrian'::78,'car'::35])|evacuation_point5;map(['motorbike'::272,'pedestrian'::19,'bicycle'::72,'car'::6])|
0.36787548777008205,21,12600,0.9,0.5,0.1,0.7,0.6,0.9,0.1,0.9,0.5,0.2,3,5,1,0,4,2,4,2,5,2,0.01,0.75,evacuation_point0;map(['motorbike'::1205,'bicycle'::302,'pedestrian'::105,'car'::29])|evacuation_point1;map(['motorbike'::1928,'bicycle'::499,'pedestrian'::140,'car'::14])|evacuation_point2;map(['motorbike'::1692,'bicycle'::453,'pedestrian'::110,'car'::11])|evacuation_point3;map(['motorbike'::1265,'bicycle'::352,'pedestrian'::144,'car'::28])|evacuation_point4;map(['motorbike'::764,'bicycle'::219,'pedestrian'::61,'car'::35])|evacuation_point5;map(['motorbike'::573,'pedestrian'::49,'bicycle'::172,'car'::6])|
0.3047078259879039,8,12720,0.2,0.3,0.1,0.6,0.7,0.7,0.9,0.5,0.8,0.4,0,2,3,0,4,2,3,5,4,4,0.01,0.75,evacuation_point0;map(['motorbike'::1104,'pedestrian'::85,'bicycle'::315,'car'::20])|evacuation_point1;map(['motorbike'::1522,'bicycle'::380,'pedestrian'::126])|evacuation_point2;map(['motorbike'::1844,'bicycle'::488,'pedestrian'::156,'car'::16])|evacuation_point3;map(['motorbike'::940,'bicycle'::270,'pedestrian'::79,'car'::15])|evacuation_point4;map(['motorbike'::774,'bicycle'::195,'pedestrian'::62,'car'::32])|evacuation_point5;map(['motorbike'::1243,'bicycle'::349,'car'::40,'pedestrian'::101])|
0.29995401852096915,11,12840,0.2,0.3,0.1,0.6,0.7,0.7,0.9,0.5,0.8,0.4,0,2,3,0,4,2,3,5,4,4,0.01,0.75,evacuation_point0;map(['motorbike'::1111,'bicycle'::325,'pedestrian'::100,'car'::20])|evacuation_point1;map(['motorbike'::1564,'bicycle'::388,'pedestrian'::115])|evacuation_point2;map(['motorbike'::1746,'bicycle'::461,'pedestrian'::138,'car'::16])|evacuation_point3;map(['motorbike'::967,'bicycle'::249,'pedestrian'::71,'car'::15])|evacuation_point4;map(['motorbike'::832,'bicycle'::217,'pedestrian'::75,'car'::32])|evacuation_point5;map(['motorbike'::1207,'bicycle'::357,'pedestrian'::110,'car'::40])|
0.7095349664126884,20,12840,0.9,0.5,0.1,0.7,0.6,0.9,0.1,0.9,0.5,0.2,3,5,1,0,4,2,4,2,5,2,0.01,0.75,evacuation_point0;map(['motorbike'::1305,'bicycle'::383,'pedestrian'::121,'car'::29])|evacuation_point1;map(['motorbike'::1894,'bicycle'::472,'pedestrian'::141,'car'::14])|evacuation_point2;map(['motorbike'::1647,'bicycle'::444,'pedestrian'::105,'car'::11])|evacuation_point3;map(['motorbike'::1375,'bicycle'::347,'pedestrian'::125,'car'::28])|evacuation_point4;map(['motorbike'::729,'bicycle'::208,'pedestrian'::67,'car'::35])|evacuation_point5;map(['motorbike'::477,'pedestrian'::50,'bicycle'::143,'car'::6])|
0.489322068492009,10,12960,0.2,0.3,0.1,0.6,0.7,0.7,0.9,0.5,0.8,0.4,0,2,3,0,4,2,3,5,4,4,0.01,0.75,evacuation_point0;map(['motorbike'::1170,'pedestrian'::96,'bicycle'::338,'car'::20])|evacuation_point1;map(['motorbike'::1481,'bicycle'::394,'pedestrian'::100])|evacuation_point2;map(['motorbike'::1738,'bicycle'::464,'pedestrian'::148,'car'::16])|evacuation_point3;map(['motorbike'::1006,'bicycle'::278,'pedestrian'::76,'car'::15])|evacuation_point4;map(['motorbike'::796,'bicycle'::196,'pedestrian'::69,'car'::32])|evacuation_point5;map(['motorbike'::1236,'bicycle'::327,'car'::40,'pedestrian'::120])|
0.0833498974522261,9,12960,0.2,0.3,0.1,0.6,0.7,0.7,0.9,0.5,0.8,0.4,0,2,3,0,4,2,3,5,4,4,0.01,0.75,evacuation_point0;map(['motorbike'::1027,'bicycle'::279,'pedestrian'::83,'car'::20])|evacuation_point1;map(['motorbike'::1548,'bicycle'::395,'pedestrian'::98])|evacuation_point2;map(['motorbike'::1975,'bicycle'::546,'pedestrian'::188,'car'::16])|evacuation_point3;map(['motorbike'::890,'bicycle'::223,'pedestrian'::72,'car'::15])|evacuation_point4;map(['motorbike'::723,'bicycle'::191,'pedestrian'::54,'car'::32])|evacuation_point5;map(['motorbike'::1264,'bicycle'::363,'car'::40,'pedestrian'::114])|
0.7278777171404514,2,13440,0.8,0.8,0.5,0.9,0.7,0.6,0.2,0.5,1.0,0.5,4,0,4,2,2,4,2,2,3,0,0.01,0.75,evacuation_point0;map(['motorbike'::2677,'bicycle'::720,'pedestrian'::221,'car'::62])|evacuation_point1;map(['motorbike'::1754,'bicycle'::469,'pedestrian'::170])|evacuation_point2;map(['motorbike'::1712,'bicycle'::457,'pedestrian'::111,'car'::24])|evacuation_point3;map(['motorbike'::899,'bicycle'::253,'pedestrian'::60])|evacuation_point4;map(['motorbike'::101,'bicycle'::30,'pedestrian'::8,'car'::25])|evacuation_point5;map(['motorbike'::284,'pedestrian'::39,'bicycle'::68,'car'::12])|
0.31495724174842066,24,12000,0.9,1.0,0.0,0.7,0.1,0.9,0.8,0.1,0.5,0.7,3,2,4,5,4,2,2,0,4,1,0.01,0.75,evacuation_point0;map(['motorbike'::858,'pedestrian'::82,'bicycle'::245,'car'::45])|evacuation_point1;map(['motorbike'::1755,'bicycle'::441,'pedestrian'::129,'car'::10])|evacuation_point2;map(['motorbike'::2043,'bicycle'::573,'car'::13,'pedestrian'::170])|evacuation_point3;map(['motorbike'::1107,'bicycle'::308,'pedestrian'::89,'car'::13])|evacuation_point4;map(['motorbike'::1119,'bicycle'::281,'car'::36,'pedestrian'::89])|evacuation_point5;map(['motorbike'::545,'pedestrian'::50,'bicycle'::149,'car'::6])|
0.2550205187102067,25,12720,0.9,1.0,0.0,0.7,0.1,0.9,0.8,0.1,0.5,0.7,3,2,4,5,4,2,2,0,4,1,0.01,0.75,evacuation_point0;map(['motorbike'::617,'bicycle'::191,'pedestrian'::68,'car'::45])|evacuation_point1;map(['motorbike'::1912,'bicycle'::474,'pedestrian'::130,'car'::10])|evacuation_point2;map(['motorbike'::2018,'car'::13,'bicycle'::569,'pedestrian'::158])|evacuation_point3;map(['motorbike'::1181,'bicycle'::309,'pedestrian'::96,'car'::13])|evacuation_point4;map(['motorbike'::1101,'bicycle'::264,'pedestrian'::96,'car'::36])|evacuation_point5;map(['pedestrian'::61,'motorbike'::598,'bicycle'::190,'car'::6])|
0.6678395769670304,26,12360,0.9,1.0,0.0,0.7,0.1,0.9,0.8,0.1,0.5,0.7,3,2,4,5,4,2,2,0,4,1,0.01,0.75,evacuation_point0;map(['motorbike'::740,'bicycle'::222,'pedestrian'::74,'car'::45])|evacuation_point1;map(['motorbike'::1937,'bicycle'::528,'pedestrian'::158,'car'::10])|evacuation_point2;map(['motorbike'::2234,'bicycle'::608,'car'::13,'pedestrian'::170])|evacuation_point3;map(['motorbike'::860,'bicycle'::227,'pedestrian'::64,'car'::13])|evacuation_point4;map(['motorbike'::1084,'bicycle'::253,'car'::36,'pedestrian'::81])|evacuation_point5;map(['motorbike'::572,'pedestrian'::62,'bicycle'::159,'car'::6])|
0.3822773344233701,27,12240,0.9,1.0,0.0,0.7,0.1,0.9,0.8,0.1,0.5,0.7,3,2,4,5,4,2,2,0,4,1,0.01,0.75,evacuation_point0;map(['motorbike'::971,'bicycle'::271,'pedestrian'::88,'car'::45])|evacuation_point1;map(['motorbike'::1786,'bicycle'::482,'pedestrian'::135,'car'::10])|evacuation_point2;map(['motorbike'::1932,'bicycle'::508,'car'::13,'pedestrian'::158])|evacuation_point3;map(['motorbike'::1065,'bicycle'::310,'pedestrian'::86,'car'::13])|evacuation_point4;map(['motorbike'::1112,'bicycle'::255,'pedestrian'::87,'car'::36])|evacuation_point5;map(['motorbike'::561,'pedestrian'::55,'bicycle'::171,'car'::6])|
0.011471734172354808,31,11040,0.2,1.0,0.4,0.8,0.7,0.0,0.1,0.7,0.2,0.4,0,1,5,5,5,2,1,5,4,2,0.01,0.75,evacuation_point0;map(['motorbike'::1018,'bicycle'::284,'pedestrian'::81,'car'::16])|evacuation_point1;map(['motorbike'::1917,'bicycle'::536,'pedestrian'::157,'car'::39])|evacuation_point2;map(['motorbike'::2465,'bicycle'::630,'pedestrian'::199,'car'::5])|evacuation_point3;map(['motorbike'::1531,'bicycle'::431,'pedestrian'::119,'car'::51])|evacuation_point4;map(['motorbike'::71,'bicycle'::12,'car'::12])|evacuation_point5;map(['motorbike'::425,'pedestrian'::53,'bicycle'::104])|
0.5880409723840565,29,11400,0.2,1.0,0.4,0.8,0.7,0.0,0.1,0.7,0.2,0.4,0,1,5,5,5,2,1,5,4,2,0.01,0.75,evacuation_point0;map(['motorbike'::1078,'bicycle'::314,'pedestrian'::77,'car'::16])|evacuation_point1;map(['motorbike'::1935,'bicycle'::530,'pedestrian'::133,'car'::39])|evacuation_point2;map(['motorbike'::2389,'bicycle'::620,'pedestrian'::213,'car'::5])|evacuation_point3;map(['motorbike'::1608,'bicycle'::429,'pedestrian'::143,'car'::51])|evacuation_point4;map(['motorbike'::91,'bicycle'::15,'car'::12])|evacuation_point5;map(['pedestrian'::43,'motorbike'::326,'bicycle'::89])|
0.1899990566401919,32,11160,0.4,0.3,0.7,0.9,0.5,0.7,0.1,0.9,0.6,0.3,5,1,3,1,5,5,5,0,2,3,0.01,0.75,evacuation_point0;map(['motorbike'::1548,'bicycle'::421,'pedestrian'::127,'car'::12])|evacuation_point1;map(['motorbike'::1802,'bicycle'::491,'pedestrian'::138,'car'::25])|evacuation_point2;map(['motorbike'::2059,'bicycle'::537,'pedestrian'::165,'car'::13])|evacuation_point3;map(['motorbike'::1203,'bicycle'::334,'pedestrian'::114,'car'::49])|evacuation_point4;map(['motorbike'::33,'bicycle'::10])|evacuation_point5;map(['motorbike'::782,'pedestrian'::65,'bicycle'::204,'car'::24])|
0.09749365960715817,33,11400,0.4,0.3,0.7,0.9,0.5,0.7,0.1,0.9,0.6,0.3,5,1,3,1,5,5,5,0,2,3,0.01,0.75,evacuation_point0;map(['motorbike'::1379,'bicycle'::359,'pedestrian'::98,'car'::12])|evacuation_point1;map(['motorbike'::1812,'bicycle'::533,'pedestrian'::170,'car'::25])|evacuation_point2;map(['motorbike'::2168,'bicycle'::558,'pedestrian'::174,'car'::13])|evacuation_point3;map(['motorbike'::1289,'bicycle'::319,'pedestrian'::96,'car'::49])|evacuation_point4;map(['motorbike'::34,'bicycle'::9])|evacuation_point5;map(['motorbike'::745,'pedestrian'::71,'bicycle'::219,'car'::24])|
0.14024878635486826,28,11880,0.2,1.0,0.4,0.8,0.7,0.0,0.1,0.7,0.2,0.4,0,1,5,5,5,2,1,5,4,2,0.01,0.75,evacuation_point0;map(['motorbike'::1216,'bicycle'::334,'pedestrian'::97,'car'::16])|evacuation_point1;map(['motorbike'::1971,'bicycle'::563,'pedestrian'::165,'car'::39])|evacuation_point2;map(['motorbike'::2358,'bicycle'::610,'pedestrian'::175,'car'::5])|evacuation_point3;map(['motorbike'::1425,'bicycle'::367,'pedestrian'::126,'car'::51])|evacuation_point4;map(['motorbike'::66,'bicycle'::15,'pedestrian'::4,'car'::12])|evacuation_point5;map(['motorbike'::391,'pedestrian'::42,'bicycle'::108])|
0.019429784129611494,34,11640,0.4,0.3,0.7,0.9,0.5,0.7,0.1,0.9,0.6,0.3,5,1,3,1,5,5,5,0,2,3,0.01,0.75,evacuation_point0;map(['motorbike'::1476,'bicycle'::409,'pedestrian'::131,'car'::12])|evacuation_point1;map(['motorbike'::1812,'bicycle'::520,'pedestrian'::163,'car'::25])|evacuation_point2;map(['motorbike'::2011,'bicycle'::510,'pedestrian'::128,'car'::13])|evacuation_point3;map(['motorbike'::1330,'bicycle'::347,'pedestrian'::103,'car'::49])|evacuation_point4;map(['motorbike'::34,'bicycle'::11])|evacuation_point5;map(['motorbike'::764,'bicycle'::200,'pedestrian'::84,'car'::24])|
0.55166629619704,35,11520,0.4,0.3,0.7,0.9,0.5,0.7,0.1,0.9,0.6,0.3,5,1,3,1,5,5,5,0,2,3,0.01,0.75,evacuation_point0;map(['motorbike'::1764,'bicycle'::451,'pedestrian'::164,'car'::12])|evacuation_point1;map(['motorbike'::1760,'bicycle'::525,'pedestrian'::139,'car'::25])|evacuation_point2;map(['motorbike'::1945,'bicycle'::475,'pedestrian'::123,'car'::13])|evacuation_point3;map(['motorbike'::1117,'bicycle'::308,'pedestrian'::105,'car'::49])|evacuation_point4;map(['motorbike'::36,'bicycle'::10])|evacuation_point5;map(['motorbike'::805,'pedestrian'::78,'bicycle'::228,'car'::24])|
0.49446594771638264,39,11040,0.8,0.3,0.3,0.7,0.2,0.8,0.2,0.9,0.9,0.4,2,4,0,2,3,5,0,0,0,4,0.01,0.75,evacuation_point0;map(['motorbike'::1371,'bicycle'::352,'pedestrian'::99,'car'::16])|evacuation_point1;map(['motorbike'::1680,'bicycle'::439,'pedestrian'::150])|evacuation_point2;map(['motorbike'::2745,'bicycle'::728,'car'::64,'pedestrian'::208])|evacuation_point3;map(['motorbike'::887,'bicycle'::220,'pedestrian'::75,'car'::6])|evacuation_point4;map(['motorbike'::281,'bicycle'::114,'pedestrian'::32,'car'::24])|evacuation_point5;map(['motorbike'::458,'bicycle'::144,'pedestrian'::44,'car'::13])|
0.2660666187259474,37,11640,0.8,0.3,0.3,0.7,0.2,0.8,0.2,0.9,0.9,0.4,2,4,0,2,3,5,0,0,0,4,0.01,0.75,evacuation_point0;map(['motorbike'::1558,'bicycle'::412,'pedestrian'::118,'car'::16])|evacuation_point1;map(['motorbike'::1555,'bicycle'::434,'pedestrian'::153])|evacuation_point2;map(['motorbike'::2693,'bicycle'::675,'pedestrian'::184,'car'::64])|evacuation_point3;map(['motorbike'::883,'bicycle'::261,'pedestrian'::70,'car'::6])|evacuation_point4;map(['motorbike'::306,'bicycle'::98,'pedestrian'::41,'car'::24])|evacuation_point5;map(['motorbike'::427,'bicycle'::117,'pedestrian'::42,'car'::13])|
0.28477956701965945,30,12840,0.2,1.0,0.4,0.8,0.7,0.0,0.1,0.7,0.2,0.4,0,1,5,5,5,2,1,5,4,2,0.01,0.75,evacuation_point0;map(['motorbike'::1173,'bicycle'::317,'pedestrian'::61,'car'::16])|evacuation_point1;map(['motorbike'::1883,'bicycle'::521,'pedestrian'::174,'car'::39])|evacuation_point2;map(['motorbike'::2295,'bicycle'::625,'pedestrian'::192,'car'::5])|evacuation_point3;map(['motorbike'::1601,'bicycle'::400,'car'::51,'pedestrian'::135])|evacuation_point4;map(['motorbike'::86,'bicycle'::11,'car'::12,'pedestrian'::4])|evacuation_point5;map(['motorbike'::389,'pedestrian'::43,'bicycle'::123])|
0.20572061541636633,36,12240,0.8,0.3,0.3,0.7,0.2,0.8,0.2,0.9,0.9,0.4,2,4,0,2,3,5,0,0,0,4,0.01,0.75,evacuation_point0;map(['motorbike'::1335,'bicycle'::320,'pedestrian'::91,'car'::16])|evacuation_point1;map(['motorbike'::1661,'bicycle'::498,'pedestrian'::171])|evacuation_point2;map(['motorbike'::2830,'bicycle'::719,'pedestrian'::195,'car'::64])|evacuation_point3;map(['motorbike'::898,'bicycle'::263,'pedestrian'::69,'car'::6])|evacuation_point4;map(['motorbike'::279,'bicycle'::86,'pedestrian'::42,'car'::24])|evacuation_point5;map(['motorbike'::419,'bicycle'::111,'pedestrian'::40,'car'::13])|
0.35684357830374425,38,12120,0.8,0.3,0.3,0.7,0.2,0.8,0.2,0.9,0.9,0.4,2,4,0,2,3,5,0,0,0,4,0.01,0.75,evacuation_point0;map(['motorbike'::1145,'bicycle'::306,'pedestrian'::94,'car'::16])|evacuation_point1;map(['motorbike'::1694,'bicycle'::470,'pedestrian'::176])|evacuation_point2;map(['motorbike'::2854,'bicycle'::747,'car'::64,'pedestrian'::190])|evacuation_point3;map(['motorbike'::954,'bicycle'::227,'pedestrian'::73,'car'::6])|evacuation_point4;map(['motorbike'::307,'bicycle'::115,'pedestrian'::34,'car'::24])|evacuation_point5;map(['motorbike'::468,'bicycle'::132,'pedestrian'::41,'car'::13])|
0.8765562450874635,55,8640,0.0,0.1,0.2,0.3,0.0,0.5,0.0,0.9,0.8,0.6,3,1,3,4,5,4,5,3,0,0,0.01,0.75,evacuation_point0;map(['motorbike'::1059,'bicycle'::290,'pedestrian'::78])|evacuation_point1;map(['motorbike'::1424,'bicycle'::331,'pedestrian'::115,'car'::14])|evacuation_point2;map(['motorbike'::2382,'bicycle'::629,'pedestrian'::192,'car'::22])|evacuation_point3;map(['motorbike'::1165,'bicycle'::351,'pedestrian'::104,'car'::38])|evacuation_point4;map(['motorbike'::335,'bicycle'::100,'car'::17,'pedestrian'::13])|evacuation_point5;map(['pedestrian'::107,'motorbike'::1062,'bicycle'::296,'car'::32])|
0.3614012108674771,52,9240,0.0,0.1,0.2,0.3,0.0,0.5,0.0,0.9,0.8,0.6,3,1,3,4,5,4,5,3,0,0,0.01,0.75,evacuation_point0;map(['motorbike'::881,'bicycle'::252,'pedestrian'::75])|evacuation_point1;map(['motorbike'::1564,'bicycle'::386,'pedestrian'::118,'car'::14])|evacuation_point2;map(['motorbike'::2454,'bicycle'::658,'pedestrian'::195,'car'::22])|evacuation_point3;map(['motorbike'::1187,'bicycle'::342,'pedestrian'::103,'car'::38])|evacuation_point4;map(['motorbike'::144,'bicycle'::35,'car'::17,'pedestrian'::5])|evacuation_point5;map(['motorbike'::1197,'pedestrian'::113,'bicycle'::324,'car'::32])|
0.9246617462876485,47,9480,0.4,0.3,0.3,0.5,0.2,0.2,0.8,0.7,0.4,0.1,2,5,2,5,2,0,2,2,1,1,0.01,0.75,evacuation_point0;map(['motorbike'::2010,'bicycle'::597,'pedestrian'::178,'car'::70])|evacuation_point1;map(['motorbike'::1582,'bicycle'::367,'pedestrian'::139,'car'::16])|evacuation_point2;map(['motorbike'::2608,'bicycle'::693,'pedestrian'::187,'car'::12])|evacuation_point3;map(['pedestrian'::92,'motorbike'::952,'bicycle'::275,'car'::25])|evacuation_point4;map(['motorbike'::7])|evacuation_point5;map(['motorbike'::268,'pedestrian'::13,'bicycle'::65])|
0.8395960704261296,53,9840,0.0,0.1,0.2,0.3,0.0,0.5,0.0,0.9,0.8,0.6,3,1,3,4,5,4,5,3,0,0,0.01,0.75,evacuation_point0;map(['motorbike'::1148,'bicycle'::326,'pedestrian'::79])|evacuation_point1;map(['motorbike'::1570,'bicycle'::400,'pedestrian'::122,'car'::14])|evacuation_point2;map(['motorbike'::2443,'bicycle'::648,'pedestrian'::204,'car'::22])|evacuation_point3;map(['motorbike'::1192,'bicycle'::330,'pedestrian'::106,'car'::38])|evacuation_point4;map(['motorbike'::133,'bicycle'::31,'pedestrian'::5,'car'::17])|evacuation_point5;map(['motorbike'::941,'pedestrian'::93,'bicycle'::262,'car'::32])|
0.8599160428368484,44,11400,0.4,0.3,0.3,0.5,0.2,0.2,0.8,0.7,0.4,0.1,2,5,2,5,2,0,2,2,1,1,0.01,0.75,evacuation_point0;map(['motorbike'::2146,'bicycle'::601,'pedestrian'::203,'car'::70])|evacuation_point1;map(['motorbike'::1551,'bicycle'::349,'pedestrian'::133,'car'::16])|evacuation_point2;map(['motorbike'::2466,'bicycle'::682,'pedestrian'::174,'car'::12])|evacuation_point3;map(['motorbike'::1013,'bicycle'::296,'pedestrian'::77,'car'::25])|evacuation_point4;map(['motorbike'::14,'bicycle'::4])|evacuation_point5;map(['motorbike'::237,'pedestrian'::22,'bicycle'::65])|
0.6054418548402529,59,11400,0.4,0.3,0.7,0.9,0.5,0.7,0.1,0.9,0.6,0.3,5,1,3,1,5,5,5,0,2,3,0.01,0.75,evacuation_point0;map(['motorbike'::1591,'bicycle'::429,'pedestrian'::143,'car'::12])|evacuation_point1;map(['motorbike'::1926,'bicycle'::519,'pedestrian'::153,'car'::25])|evacuation_point2;map(['motorbike'::1926,'bicycle'::513,'pedestrian'::149,'car'::13])|evacuation_point3;map(['motorbike'::1172,'car'::49,'bicycle'::321,'pedestrian'::100])|evacuation_point4;map(['motorbike'::37,'bicycle'::12])|evacuation_point5;map(['motorbike'::775,'bicycle'::203,'pedestrian'::64,'car'::24])|
0.5023333301370967,51,11400,0.8,0.3,0.3,0.7,0.2,0.8,0.2,0.9,0.9,0.4,2,4,0,2,3,5,0,0,0,4,0.01,0.75,evacuation_point0;map(['motorbike'::1706,'bicycle'::478,'pedestrian'::125,'car'::16])|evacuation_point1;map(['motorbike'::1595,'bicycle'::432,'pedestrian'::162])|evacuation_point2;map(['motorbike'::2565,'bicycle'::652,'car'::64,'pedestrian'::171])|evacuation_point3;map(['motorbike'::749,'bicycle'::186,'pedestrian'::60,'car'::6])|evacuation_point4;map(['motorbike'::325,'pedestrian'::46,'bicycle'::109,'car'::24])|evacuation_point5;map(['motorbike'::482,'bicycle'::140,'pedestrian'::44,'car'::13])|
0.763350477317378,54,11520,0.0,0.1,0.2,0.3,0.0,0.5,0.0,0.9,0.8,0.6,3,1,3,4,5,4,5,3,0,0,0.01,0.75,evacuation_point0;map(['motorbike'::1365,'bicycle'::350,'pedestrian'::111])|evacuation_point1;map(['motorbike'::1539,'bicycle'::398,'pedestrian'::121,'car'::14])|evacuation_point2;map(['motorbike'::2366,'bicycle'::637,'pedestrian'::189,'car'::22])|evacuation_point3;map(['motorbike'::1129,'bicycle'::318,'pedestrian'::94,'car'::38])|evacuation_point4;map(['motorbike'::78,'bicycle'::27,'car'::17,'pedestrian'::3])|evacuation_point5;map(['motorbike'::950,'pedestrian'::91,'bicycle'::267,'car'::32])|
0.8455338073058742,45,11640,0.4,0.3,0.3,0.5,0.2,0.2,0.8,0.7,0.4,0.1,2,5,2,5,2,0,2,2,1,1,0.01,0.75,evacuation_point0;map(['motorbike'::2242,'bicycle'::636,'pedestrian'::191,'car'::70])|evacuation_point1;map(['motorbike'::1565,'bicycle'::417,'pedestrian'::136,'car'::19])|evacuation_point2;map(['motorbike'::2480,'bicycle'::632,'pedestrian'::177,'car'::9])|evacuation_point3;map(['bicycle'::260,'motorbike'::885,'pedestrian'::85,'car'::25])|evacuation_point4;map(['motorbike'::11,'bicycle'::1])|evacuation_point5;map(['motorbike'::244,'pedestrian'::20,'bicycle'::51])|
0.5261159318475508,62,11640,0.9,0.5,0.1,0.7,0.6,0.9,0.1,0.9,0.5,0.2,3,5,1,0,4,2,4,2,5,2,0.01,0.75,evacuation_point0;map(['motorbike'::1342,'bicycle'::322,'pedestrian'::116,'car'::29])|evacuation_point1;map(['motorbike'::1962,'bicycle'::513,'pedestrian'::155,'car'::14])|evacuation_point2;map(['motorbike'::1652,'bicycle'::460,'pedestrian'::102,'car'::11])|evacuation_point3;map(['motorbike'::1196,'bicycle'::344,'pedestrian'::116,'car'::28])|evacuation_point4;map(['motorbike'::774,'bicycle'::216,'pedestrian'::65,'car'::35])|evacuation_point5;map(['motorbike'::501,'pedestrian'::55,'bicycle'::142,'car'::6])|
0.428607663996337,46,12000,0.4,0.3,0.3,0.5,0.2,0.2,0.8,0.7,0.4,0.1,2,5,2,5,2,0,2,2,1,1,0.01,0.75,evacuation_point0;map(['motorbike'::2152,'bicycle'::652,'pedestrian'::203,'car'::70])|evacuation_point1;map(['motorbike'::1615,'bicycle'::361,'pedestrian'::116,'car'::16])|evacuation_point2;map(['motorbike'::2498,'bicycle'::677,'pedestrian'::191,'car'::12])|evacuation_point3;map(['pedestrian'::82,'motorbike'::919,'bicycle'::241,'car'::25])|evacuation_point4;map(['motorbike'::21,'bicycle'::7])|evacuation_point5;map(['pedestrian'::17,'motorbike'::222,'bicycle'::59])|
0.18873672070478664,60,12120,0.9,0.5,0.1,0.7,0.6,0.9,0.1,0.9,0.5,0.2,3,5,1,0,4,2,4,2,5,2,0.01,0.75,evacuation_point0;map(['motorbike'::1376,'bicycle'::410,'pedestrian'::122,'car'::29])|evacuation_point1;map(['motorbike'::1851,'bicycle'::453,'pedestrian'::128,'car'::14])|evacuation_point2;map(['motorbike'::1595,'bicycle'::439,'pedestrian'::98,'car'::11])|evacuation_point3;map(['motorbike'::1388,'bicycle'::354,'pedestrian'::138,'car'::28])|evacuation_point4;map(['motorbike'::788,'bicycle'::226,'pedestrian'::75,'car'::35])|evacuation_point5;map(['motorbike'::429,'pedestrian'::48,'bicycle'::115,'car'::6])|
0.22278195012403623,50,12240,0.8,0.3,0.3,0.7,0.2,0.8,0.2,0.9,0.9,0.4,2,4,0,2,3,5,0,0,0,4,0.01,0.75,evacuation_point0;map(['motorbike'::1425,'bicycle'::358,'pedestrian'::91,'car'::16])|evacuation_point1;map(['motorbike'::1512,'bicycle'::416,'pedestrian'::132])|evacuation_point2;map(['motorbike'::2786,'bicycle'::731,'car'::64,'pedestrian'::209])|evacuation_point3;map(['bicycle'::241,'motorbike'::859,'pedestrian'::78,'car'::6])|evacuation_point4;map(['motorbike'::422,'bicycle'::138,'pedestrian'::55,'car'::24])|evacuation_point5;map(['motorbike'::418,'pedestrian'::43,'bicycle'::113,'car'::13])|
0.26430132006702467,63,12360,0.9,0.5,0.1,0.7,0.6,0.9,0.1,0.9,0.5,0.2,3,5,1,0,4,2,4,2,5,2,0.01,0.75,evacuation_point0;map(['motorbike'::1291,'bicycle'::342,'pedestrian'::108,'car'::29])|evacuation_point1;map(['motorbike'::1968,'bicycle'::503,'pedestrian'::150,'car'::14])|evacuation_point2;map(['motorbike'::1619,'bicycle'::429,'pedestrian'::101,'car'::11])|evacuation_point3;map(['motorbike'::1386,'bicycle'::382,'pedestrian'::139,'car'::28])|evacuation_point4;map(['motorbike'::748,'bicycle'::217,'pedestrian'::65,'car'::35])|evacuation_point5;map(['pedestrian'::46,'motorbike'::415,'bicycle'::124,'car'::6])|
0.5651692474069869,49,12480,0.8,0.3,0.3,0.7,0.2,0.8,0.2,0.9,0.9,0.4,2,4,0,2,3,5,0,0,0,4,0.01,0.75,evacuation_point0;map(['motorbike'::1472,'bicycle'::380,'pedestrian'::113,'car'::16])|evacuation_point1;map(['motorbike'::1692,'bicycle'::486,'pedestrian'::138])|evacuation_point2;map(['motorbike'::2704,'bicycle'::716,'car'::64,'pedestrian'::225])|evacuation_point3;map(['pedestrian'::63,'motorbike'::790,'bicycle'::197,'car'::6])|evacuation_point4;map(['motorbike'::335,'bicycle'::104,'car'::24,'pedestrian'::34])|evacuation_point5;map(['motorbike'::429,'bicycle'::114,'pedestrian'::35,'car'::13])|
0.5588075623468479,61,12600,0.9,0.5,0.1,0.7,0.6,0.9,0.1,0.9,0.5,0.2,3,5,1,0,4,2,4,2,5,2,0.01,0.75,evacuation_point0;map(['motorbike'::1475,'bicycle'::415,'pedestrian'::121,'car'::29])|evacuation_point1;map(['motorbike'::1854,'bicycle'::452,'pedestrian'::133,'car'::14])|evacuation_point2;map(['motorbike'::1731,'bicycle'::461,'pedestrian'::116,'car'::11])|evacuation_point3;map(['motorbike'::1351,'bicycle'::370,'pedestrian'::126,'car'::28])|evacuation_point4;map(['motorbike'::707,'bicycle'::206,'pedestrian'::75,'car'::35])|evacuation_point5;map(['motorbike'::309,'pedestrian'::38,'bicycle'::93,'car'::6])|
0.14221650691012888,48,12720,0.8,0.3,0.3,0.7,0.2,0.8,0.2,0.9,0.9,0.4,2,4,0,2,3,5,0,0,0,4,0.01,0.75,evacuation_point0;map(['motorbike'::1314,'bicycle'::325,'pedestrian'::98,'car'::16])|evacuation_point1;map(['motorbike'::1638,'bicycle'::454,'pedestrian'::166])|evacuation_point2;map(['motorbike'::2827,'bicycle'::770,'car'::64,'pedestrian'::190])|evacuation_point3;map(['motorbike'::956,'bicycle'::230,'pedestrian'::67,'car'::6])|evacuation_point4;map(['motorbike'::247,'bicycle'::86,'pedestrian'::45,'car'::24])|evacuation_point5;map(['motorbike'::440,'bicycle'::132,'pedestrian'::42,'car'::13])|
0.4259999721894845,42,12720,0.2,0.3,0.1,0.6,0.7,0.7,0.9,0.5,0.8,0.4,0,2,3,0,4,2,3,5,4,4,0.01,0.75,evacuation_point0;map(['motorbike'::1165,'bicycle'::342,'pedestrian'::93,'car'::20])|evacuation_point1;map(['motorbike'::1576,'bicycle'::388,'pedestrian'::121])|evacuation_point2;map(['motorbike'::1854,'bicycle'::486,'pedestrian'::146,'car'::16])|evacuation_point3;map(['bicycle'::231,'motorbike'::879,'pedestrian'::60,'car'::15])|evacuation_point4;map(['motorbike'::783,'bicycle'::216,'pedestrian'::60,'car'::32])|evacuation_point5;map(['motorbike'::1170,'bicycle'::334,'pedestrian'::129,'car'::40])|
0.9574950057473245,40,12840,0.2,0.3,0.1,0.6,0.7,0.7,0.9,0.5,0.8,0.4,0,2,3,0,4,2,3,5,4,4,0.01,0.75,evacuation_point0;map(['motorbike'::1212,'bicycle'::328,'pedestrian'::103,'car'::20])|evacuation_point1;map(['motorbike'::1473,'bicycle'::386,'pedestrian'::111])|evacuation_point2;map(['motorbike'::1698,'bicycle'::479,'pedestrian'::148,'car'::16])|evacuation_point3;map(['motorbike'::842,'bicycle'::229,'pedestrian'::67,'car'::15])|evacuation_point4;map(['motorbike'::956,'bicycle'::218,'pedestrian'::74,'car'::32])|evacuation_point5;map(['motorbike'::1246,'bicycle'::357,'car'::40,'pedestrian'::106])|
0.7980764161708411,43,12960,0.2,0.3,0.1,0.6,0.7,0.7,0.9,0.5,0.8,0.4,0,2,3,0,4,2,3,5,4,4,0.01,0.75,evacuation_point0;map(['motorbike'::1155,'car'::20,'bicycle'::345,'pedestrian'::83])|evacuation_point1;map(['motorbike'::1564,'bicycle'::385,'pedestrian'::123])|evacuation_point2;map(['motorbike'::1825,'bicycle'::504,'pedestrian'::134,'car'::16])|evacuation_point3;map(['pedestrian'::86,'motorbike'::930,'bicycle'::253,'car'::15])|evacuation_point4;map(['bicycle'::196,'motorbike'::772,'pedestrian'::69,'car'::32])|evacuation_point5;map(['motorbike'::1181,'bicycle'::314,'car'::40,'pedestrian'::114])|
0.9739976763881162,41,13080,0.2,0.3,0.1,0.6,0.7,0.7,0.9,0.5,0.8,0.4,0,2,3,0,4,2,3,5,4,4,0.01,0.75,evacuation_point0;map(['motorbike'::1077,'bicycle'::291,'pedestrian'::97,'car'::20])|evacuation_point1;map(['motorbike'::1623,'bicycle'::417,'pedestrian'::109])|evacuation_point2;map(['motorbike'::2036,'bicycle'::549,'pedestrian'::154,'car'::16])|evacuation_point3;map(['motorbike'::928,'bicycle'::265,'pedestrian'::60,'car'::15])|evacuation_point4;map(['motorbike'::517,'bicycle'::137,'pedestrian'::74,'car'::32])|evacuation_point5;map(['motorbike'::1246,'bicycle'::338,'car'::40,'pedestrian'::115])|
0.15716630404337595,58,13080,0.4,0.3,0.7,0.9,0.5,0.7,0.1,0.9,0.6,0.3,5,1,3,1,5,5,5,0,2,3,0.01,0.75,evacuation_point0;map(['motorbike'::1622,'bicycle'::460,'pedestrian'::124,'car'::12])|evacuation_point1;map(['motorbike'::1600,'bicycle'::451,'pedestrian'::141,'car'::25])|evacuation_point2;map(['motorbike'::2089,'bicycle'::522,'pedestrian'::151,'car'::13])|evacuation_point3;map(['motorbike'::1260,'car'::49,'bicycle'::321,'pedestrian'::116])|evacuation_point4;map(['motorbike'::41,'bicycle'::10,'pedestrian'::1])|evacuation_point5;map(['motorbike'::815,'pedestrian'::76,'bicycle'::233,'car'::24])|
0.6604025079832279,57,13080,0.4,0.3,0.7,0.9,0.5,0.7,0.1,0.9,0.6,0.3,5,1,3,1,5,5,5,0,2,3,0.01,0.75,evacuation_point0;map(['motorbike'::1592,'bicycle'::423,'pedestrian'::113,'car'::12])|evacuation_point1;map(['motorbike'::1766,'bicycle'::480,'pedestrian'::160,'car'::25])|evacuation_point2;map(['motorbike'::2108,'bicycle'::552,'pedestrian'::161,'car'::13])|evacuation_point3;map(['motorbike'::1147,'bicycle'::312,'pedestrian'::97,'car'::49])|evacuation_point4;map(['motorbike'::32,'bicycle'::8])|evacuation_point5;map(['motorbike'::782,'bicycle'::222,'pedestrian'::78,'car'::24])|
0.21279442623020983,56,13560,0.4,0.3,0.7,0.9,0.5,0.7,0.1,0.9,0.6,0.3,5,1,3,1,5,5,5,0,2,3,0.01,0.75,evacuation_point0;map(['motorbike'::1618,'bicycle'::463,'pedestrian'::149,'car'::12])|evacuation_point1;map(['motorbike'::1895,'bicycle'::489,'pedestrian'::166,'car'::25])|evacuation_point2;map(['motorbike'::1871,'bicycle'::500,'pedestrian'::126,'car'::13])|evacuation_point3;map(['motorbike'::1236,'bicycle'::334,'pedestrian'::99,'car'::49])|evacuation_point4;map(['motorbike'::40,'bicycle'::11])|evacuation_point5;map(['motorbike'::767,'pedestrian'::69,'bicycle'::200,'car'::24])|
0.17416848787578865,76,8640,0.0,0.1,0.2,0.3,0.0,0.5,0.0,0.9,0.8,0.6,2,5,2,5,2,0,2,2,1,1,0.01,0.75,evacuation_point0;map(['motorbike'::2227,'bicycle'::634,'pedestrian'::191,'car'::70])|evacuation_point1;map(['motorbike'::1417,'bicycle'::351,'pedestrian'::123,'car'::16])|evacuation_point2;map(['motorbike'::2369,'bicycle'::629,'pedestrian'::184,'car'::12])|evacuation_point3;map(['motorbike'::1182,'bicycle'::312,'pedestrian'::93,'car'::25])|evacuation_point4;map(['motorbike'::13,'bicycle'::4])|evacuation_point5;map(['motorbike'::219,'pedestrian'::18,'bicycle'::67])|
0.7648325303557332,77,8760,0.0,0.1,0.2,0.3,0.0,0.5,0.0,0.9,0.8,0.6,2,5,2,5,2,0,2,2,1,1,0.01,0.75,evacuation_point0;map(['motorbike'::2216,'bicycle'::597,'pedestrian'::196,'car'::70])|evacuation_point1;map(['motorbike'::1459,'bicycle'::345,'pedestrian'::134,'car'::16])|evacuation_point2;map(['motorbike'::2387,'bicycle'::656,'pedestrian'::168,'car'::12])|evacuation_point3;map(['motorbike'::1099,'bicycle'::326,'pedestrian'::92,'car'::25])|evacuation_point4;map(['motorbike'::4,'bicycle'::1])|evacuation_point5;map(['motorbike'::262,'pedestrian'::19,'bicycle'::72])|
0.1954687844165277,64,12480,0.9,1.0,0.0,0.7,0.1,0.9,0.8,0.1,0.5,0.7,3,2,4,5,4,2,2,0,4,1,0.01,0.75,evacuation_point0;map(['motorbike'::922,'bicycle'::259,'pedestrian'::78,'car'::45])|evacuation_point1;map(['motorbike'::1839,'bicycle'::512,'pedestrian'::153,'car'::10])|evacuation_point2;map(['motorbike'::1862,'bicycle'::483,'car'::13,'pedestrian'::137])|evacuation_point3;map(['motorbike'::1040,'bicycle'::294,'car'::13,'pedestrian'::87])|evacuation_point4;map(['motorbike'::1184,'bicycle'::285,'car'::36,'pedestrian'::100])|evacuation_point5;map(['motorbike'::580,'pedestrian'::54,'bicycle'::164,'car'::6])|
0.8342483638464727,78,8640,0.0,0.1,0.2,0.3,0.0,0.5,0.0,0.9,0.8,0.6,2,5,2,5,2,0,2,2,1,1,0.01,0.75,evacuation_point0;map(['motorbike'::2103,'bicycle'::592,'pedestrian'::188,'car'::70])|evacuation_point1;map(['motorbike'::1418,'bicycle'::332,'pedestrian'::124,'car'::16])|evacuation_point2;map(['motorbike'::2454,'bicycle'::674,'pedestrian'::179,'car'::12])|evacuation_point3;map(['motorbike'::1207,'bicycle'::327,'pedestrian'::95,'car'::25])|evacuation_point4;map(['motorbike'::11,'bicycle'::3,'pedestrian'::1])|evacuation_point5;map(['motorbike'::234,'pedestrian'::22,'bicycle'::69])|
0.9439963798139549,65,12000,0.9,1.0,0.0,0.7,0.1,0.9,0.8,0.1,0.5,0.7,3,2,4,5,4,2,2,0,4,1,0.01,0.75,evacuation_point0;map(['motorbike'::788,'bicycle'::224,'pedestrian'::72,'car'::45])|evacuation_point1;map(['motorbike'::1688,'bicycle'::429,'pedestrian'::153,'car'::10])|evacuation_point2;map(['motorbike'::2156,'bicycle'::609,'car'::13,'pedestrian'::168])|evacuation_point3;map(['motorbike'::1065,'bicycle'::291,'pedestrian'::67,'car'::13])|evacuation_point4;map(['motorbike'::1245,'bicycle'::295,'pedestrian'::95,'car'::36])|evacuation_point5;map(['motorbike'::485,'pedestrian'::54,'bicycle'::149,'car'::6])|
0.44851922926899157,79,8880,0.0,0.1,0.2,0.3,0.0,0.5,0.0,0.9,0.8,0.6,2,5,2,5,2,0,2,2,1,1,0.01,0.75,evacuation_point0;map(['motorbike'::2160,'car'::70,'bicycle'::603,'pedestrian'::189])|evacuation_point1;map(['motorbike'::1427,'bicycle'::330,'pedestrian'::131,'car'::16])|evacuation_point2;map(['motorbike'::2500,'bicycle'::682,'pedestrian'::185,'car'::12])|evacuation_point3;map(['bicycle'::315,'motorbike'::1090,'pedestrian'::84,'car'::25])|evacuation_point4;map(['bicycle'::4,'motorbike'::11,'pedestrian'::3])|evacuation_point5;map(['motorbike'::239,'pedestrian'::17,'bicycle'::63])|
0.46543074178051747,67,12120,0.9,1.0,0.0,0.7,0.1,0.9,0.8,0.1,0.5,0.7,3,2,4,5,4,2,2,0,4,1,0.01,0.75,evacuation_point0;map(['motorbike'::776,'bicycle'::240,'pedestrian'::75,'car'::45])|evacuation_point1;map(['motorbike'::1772,'bicycle'::499,'pedestrian'::148,'car'::10])|evacuation_point2;map(['motorbike'::2101,'bicycle'::580,'car'::13,'pedestrian'::181])|evacuation_point3;map(['motorbike'::1088,'bicycle'::248,'car'::13,'pedestrian'::65])|evacuation_point4;map(['motorbike'::1144,'bicycle'::260,'pedestrian'::89,'car'::36])|evacuation_point5;map(['motorbike'::546,'pedestrian'::51,'bicycle'::170,'car'::6])|
0.19275609906893232,66,12720,0.9,1.0,0.0,0.7,0.1,0.9,0.8,0.1,0.5,0.7,3,2,4,5,4,2,2,0,4,1,0.01,0.75,evacuation_point0;map(['motorbike'::966,'bicycle'::267,'pedestrian'::87,'car'::45])|evacuation_point1;map(['motorbike'::1737,'bicycle'::452,'pedestrian'::135,'car'::10])|evacuation_point2;map(['motorbike'::1933,'bicycle'::534,'car'::13,'pedestrian'::157])|evacuation_point3;map(['motorbike'::1064,'bicycle'::285,'pedestrian'::69,'car'::13])|evacuation_point4;map(['motorbike'::1196,'bicycle'::281,'car'::36,'pedestrian'::95])|evacuation_point5;map(['pedestrian'::66,'motorbike'::531,'bicycle'::178,'car'::6])|
0.9637008671744638,68,12000,0.2,1.0,0.4,0.8,0.7,0.0,0.1,0.7,0.2,0.4,0,1,5,5,5,2,1,5,4,2,0.01,0.75,evacuation_point0;map(['motorbike'::1137,'bicycle'::319,'pedestrian'::74,'car'::16])|evacuation_point1;map(['motorbike'::1923,'bicycle'::540,'pedestrian'::168,'car'::39])|evacuation_point2;map(['motorbike'::2373,'bicycle'::615,'pedestrian'::200,'car'::5])|evacuation_point3;map(['motorbike'::1527,'bicycle'::385,'pedestrian'::123,'car'::51])|evacuation_point4;map(['motorbike'::95,'car'::12,'bicycle'::14])|evacuation_point5;map(['motorbike'::372,'pedestrian'::44,'bicycle'::124])|
0.8444803663930375,69,12000,0.2,1.0,0.4,0.8,0.7,0.0,0.1,0.7,0.2,0.4,0,1,5,5,5,2,1,5,4,2,0.01,0.75,evacuation_point0;map(['motorbike'::1286,'bicycle'::385,'pedestrian'::95,'car'::16])|evacuation_point1;map(['motorbike'::1965,'bicycle'::507,'pedestrian'::160,'car'::39])|evacuation_point2;map(['motorbike'::2173,'bicycle'::604,'pedestrian'::185,'car'::5])|evacuation_point3;map(['motorbike'::1519,'bicycle'::372,'car'::51,'pedestrian'::131])|evacuation_point4;map(['motorbike'::105,'bicycle'::14,'car'::12])|evacuation_point5;map(['motorbike'::379,'pedestrian'::38,'bicycle'::115])|
0.4874729041688791,71,11880,0.2,1.0,0.4,0.8,0.7,0.0,0.1,0.7,0.2,0.4,0,1,5,5,5,2,1,5,4,2,0.01,0.75,evacuation_point0;map(['motorbike'::1300,'bicycle'::371,'pedestrian'::86,'car'::16])|evacuation_point1;map(['motorbike'::1952,'bicycle'::522,'pedestrian'::167,'car'::39])|evacuation_point2;map(['motorbike'::2279,'bicycle'::597,'pedestrian'::186,'car'::5])|evacuation_point3;map(['motorbike'::1550,'bicycle'::427,'car'::51,'pedestrian'::131])|evacuation_point4;map(['motorbike'::74,'bicycle'::12,'car'::12,'pedestrian'::2])|evacuation_point5;map(['motorbike'::272,'pedestrian'::37,'bicycle'::68])|
0.4029676202952833,70,12360,0.2,1.0,0.4,0.8,0.7,0.0,0.1,0.7,0.2,0.4,0,1,5,5,5,2,1,5,4,2,0.01,0.75,evacuation_point0;map(['motorbike'::1198,'bicycle'::347,'pedestrian'::77,'car'::16])|evacuation_point1;map(['motorbike'::2011,'bicycle'::534,'pedestrian'::153,'car'::39])|evacuation_point2;map(['motorbike'::2325,'bicycle'::638,'pedestrian'::207,'car'::5])|evacuation_point3;map(['motorbike'::1540,'bicycle'::395,'pedestrian'::135,'car'::51])|evacuation_point4;map(['motorbike'::75,'bicycle'::12,'car'::12,'pedestrian'::2])|evacuation_point5;map(['motorbike'::278,'pedestrian'::35,'bicycle'::71])|
0.8546919797466386,73,12120,0.8,0.8,0.5,0.9,0.7,0.6,0.2,0.5,1.0,0.5,4,0,4,2,2,4,2,2,3,0,0.01,0.75,evacuation_point0;map(['motorbike'::2270,'bicycle'::639,'pedestrian'::197,'car'::62])|evacuation_point1;map(['motorbike'::1743,'bicycle'::437,'pedestrian'::159])|evacuation_point2;map(['motorbike'::1862,'bicycle'::512,'pedestrian'::130,'car'::24])|evacuation_point3;map(['motorbike'::936,'bicycle'::251,'pedestrian'::45])|evacuation_point4;map(['motorbike'::132,'bicycle'::25,'pedestrian'::18,'car'::25])|evacuation_point5;map(['motorbike'::484,'pedestrian'::60,'bicycle'::133,'car'::12])|
0.46977786719206227,80,11160,0.8,0.8,0.5,0.9,0.7,0.6,0.2,0.5,1.0,0.5,4,1,3,4,5,4,5,3,0,0,0.01,0.75,evacuation_point0;map(['motorbike'::1601,'bicycle'::451,'pedestrian'::121])|evacuation_point1;map(['motorbike'::1697,'bicycle'::442,'pedestrian'::120,'car'::14])|evacuation_point2;map(['motorbike'::1937,'bicycle'::517,'pedestrian'::153,'car'::22])|evacuation_point3;map(['motorbike'::1435,'bicycle'::377,'pedestrian'::131,'car'::38])|evacuation_point4;map(['motorbike'::156,'bicycle'::47,'car'::22,'pedestrian'::19])|evacuation_point5;map(['motorbike'::601,'bicycle'::163,'pedestrian'::65,'car'::27])|
0.9803958931338198,85,10800,0.0,0.1,0.2,0.3,0.0,0.5,0.0,0.9,0.8,0.6,3,0,4,2,2,4,2,2,3,0,0.01,0.75,evacuation_point0;map(['motorbike'::2167,'bicycle'::577,'pedestrian'::177,'car'::62])|evacuation_point1;map(['motorbike'::1338,'bicycle'::343,'pedestrian'::100])|evacuation_point2;map(['motorbike'::1768,'bicycle'::484,'pedestrian'::137,'car'::24])|evacuation_point3;map(['motorbike'::1349,'bicycle'::401,'pedestrian'::126])|evacuation_point4;map(['motorbike'::57,'bicycle'::18,'car'::20,'pedestrian'::2])|evacuation_point5;map(['motorbike'::748,'pedestrian'::67,'bicycle'::174,'car'::17])|
0.9464503403847846,82,11280,0.8,0.8,0.5,0.9,0.7,0.6,0.2,0.5,1.0,0.5,4,1,3,4,5,4,5,3,0,0,0.01,0.75,evacuation_point0;map(['motorbike'::1746,'bicycle'::475,'pedestrian'::124])|evacuation_point1;map(['motorbike'::1728,'bicycle'::475,'pedestrian'::156,'car'::14])|evacuation_point2;map(['motorbike'::1909,'bicycle'::478,'pedestrian'::153,'car'::22])|evacuation_point3;map(['motorbike'::1273,'bicycle'::359,'pedestrian'::99,'car'::38])|evacuation_point4;map(['motorbike'::169,'bicycle'::40,'car'::22,'pedestrian'::14])|evacuation_point5;map(['motorbike'::602,'bicycle'::170,'pedestrian'::63,'car'::27])|
0.8840067788286111,83,11160,0.8,0.8,0.5,0.9,0.7,0.6,0.2,0.5,1.0,0.5,4,1,3,4,5,4,5,3,0,0,0.01,0.75,evacuation_point0;map(['motorbike'::1602,'bicycle'::450,'pedestrian'::131])|evacuation_point1;map(['motorbike'::1716,'bicycle'::483,'pedestrian'::146,'car'::14])|evacuation_point2;map(['motorbike'::1940,'bicycle'::494,'pedestrian'::152,'car'::22])|evacuation_point3;map(['motorbike'::1392,'bicycle'::357,'pedestrian'::102,'car'::38])|evacuation_point4;map(['motorbike'::144,'bicycle'::39,'car'::22,'pedestrian'::7])|evacuation_point5;map(['motorbike'::633,'bicycle'::174,'pedestrian'::71,'car'::27])|
0.5885034883881668,84,11160,0.0,0.1,0.2,0.3,0.0,0.5,0.0,0.9,0.8,0.6,3,0,4,2,2,4,2,2,3,0,0.01,0.75,evacuation_point0;map(['motorbike'::2314,'bicycle'::635,'pedestrian'::197,'car'::62])|evacuation_point1;map(['motorbike'::1597,'bicycle'::420,'pedestrian'::125])|evacuation_point2;map(['motorbike'::2021,'bicycle'::517,'pedestrian'::151,'car'::24])|evacuation_point3;map(['bicycle'::309,'motorbike'::1075,'pedestrian'::81])|evacuation_point4;map(['motorbike'::51,'car'::20,'bicycle'::12,'pedestrian'::2])|evacuation_point5;map(['motorbike'::369,'pedestrian'::53,'bicycle'::104,'car'::17])|
0.4439315116807895,87,10800,0.0,0.1,0.2,0.3,0.0,0.5,0.0,0.9,0.8,0.6,3,0,4,2,2,4,2,2,3,0,0.01,0.75,evacuation_point0;map(['motorbike'::2304,'bicycle'::624,'pedestrian'::185,'car'::62])|evacuation_point1;map(['motorbike'::1339,'bicycle'::367,'pedestrian'::82])|evacuation_point2;map(['motorbike'::1773,'bicycle'::474,'pedestrian'::152,'car'::24])|evacuation_point3;map(['motorbike'::1007,'bicycle'::297,'pedestrian'::87])|evacuation_point4;map(['motorbike'::181,'bicycle'::58,'car'::20,'pedestrian'::17])|evacuation_point5;map(['motorbike'::823,'pedestrian'::86,'bicycle'::177,'car'::17])|
0.7650786841110581,74,12600,0.8,0.8,0.5,0.9,0.7,0.6,0.2,0.5,1.0,0.5,4,0,4,2,2,4,2,2,3,0,0.01,0.75,evacuation_point0;map(['motorbike'::2751,'bicycle'::738,'pedestrian'::222,'car'::62])|evacuation_point1;map(['motorbike'::1605,'bicycle'::425,'pedestrian'::132])|evacuation_point2;map(['motorbike'::1809,'bicycle'::482,'pedestrian'::125,'car'::24])|evacuation_point3;map(['motorbike'::978,'bicycle'::277,'pedestrian'::89])|evacuation_point4;map(['motorbike'::69,'bicycle'::16,'pedestrian'::2,'car'::25])|evacuation_point5;map(['motorbike'::215,'pedestrian'::39,'bicycle'::59,'car'::12])|
0.2241873704165117,86,11640,0.0,0.1,0.2,0.3,0.0,0.5,0.0,0.9,0.8,0.6,3,0,4,2,2,4,2,2,3,0,0.01,0.75,evacuation_point0;map(['motorbike'::2114,'bicycle'::564,'pedestrian'::164,'car'::62])|evacuation_point1;map(['motorbike'::1791,'bicycle'::485,'pedestrian'::143])|evacuation_point2;map(['motorbike'::1966,'bicycle'::526,'pedestrian'::158,'car'::24])|evacuation_point3;map(['motorbike'::1108,'bicycle'::325,'pedestrian'::88])|evacuation_point4;map(['motorbike'::39,'pedestrian'::3,'bicycle'::11,'car'::20])|evacuation_point5;map(['pedestrian'::53,'motorbike'::409,'bicycle'::86,'car'::17])|
0.031109300335079748,72,13080,0.8,0.8,0.5,0.9,0.7,0.6,0.2,0.5,1.0,0.5,4,0,4,2,2,4,2,2,3,0,0.01,0.75,evacuation_point0;map(['motorbike'::2665,'bicycle'::727,'pedestrian'::221,'car'::62])|evacuation_point1;map(['motorbike'::1752,'bicycle'::461,'pedestrian'::150])|evacuation_point2;map(['motorbike'::1660,'bicycle'::449,'pedestrian'::106,'car'::24])|evacuation_point3;map(['motorbike'::1019,'bicycle'::274,'pedestrian'::74])|evacuation_point4;map(['motorbike'::80,'bicycle'::17,'pedestrian'::15,'car'::25])|evacuation_point5;map(['pedestrian'::43,'motorbike'::251,'bicycle'::69,'car'::12])|
0.8936102377929876,75,12840,0.8,0.8,0.5,0.9,0.7,0.6,0.2,0.5,1.0,0.5,4,0,4,2,2,4,2,2,3,0,0.01,0.75,evacuation_point0;map(['motorbike'::2505,'bicycle'::708,'pedestrian'::224,'car'::62])|evacuation_point1;map(['motorbike'::1742,'bicycle'::461,'pedestrian'::146])|evacuation_point2;map(['motorbike'::1693,'bicycle'::439,'pedestrian'::129,'car'::24])|evacuation_point3;map(['motorbike'::941,'bicycle'::265,'pedestrian'::61])|evacuation_point4;map(['motorbike'::215,'bicycle'::39,'car'::25,'pedestrian'::19])|evacuation_point5;map(['motorbike'::331,'pedestrian'::30,'bicycle'::85,'car'::12])|
0.09896280978783867,81,13920,0.8,0.8,0.5,0.9,0.7,0.6,0.2,0.5,1.0,0.5,4,1,3,4,5,4,5,3,0,0,0.01,0.75,evacuation_point0;map(['motorbike'::1512,'bicycle'::426,'pedestrian'::102])|evacuation_point1;map(['motorbike'::1767,'bicycle'::468,'pedestrian'::146,'car'::14])|evacuation_point2;map(['motorbike'::1934,'bicycle'::499,'pedestrian'::155,'car'::22])|evacuation_point3;map(['motorbike'::1315,'bicycle'::366,'pedestrian'::107,'car'::38])|evacuation_point4;map(['motorbike'::166,'bicycle'::48,'pedestrian'::18,'car'::22])|evacuation_point5;map(['motorbike'::733,'bicycle'::190,'pedestrian'::81,'car'::27])|
0.4785908369513643,90,12120,0.9,1.0,0.0,0.7,0.1,0.9,0.8,0.1,0.5,0.7,3,2,4,5,4,2,2,0,4,1,0.01,0.75,evacuation_point0;map(['motorbike'::737,'bicycle'::242,'pedestrian'::68,'car'::45])|evacuation_point1;map(['motorbike'::1795,'bicycle'::487,'pedestrian'::134,'car'::10])|evacuation_point2;map(['motorbike'::2198,'bicycle'::585,'car'::13,'pedestrian'::181])|evacuation_point3;map(['motorbike'::970,'bicycle'::247,'pedestrian'::82,'car'::13])|evacuation_point4;map(['motorbike'::1185,'bicycle'::287,'car'::36,'pedestrian'::91])|evacuation_point5;map(['motorbike'::542,'pedestrian'::53,'bicycle'::149,'car'::6])|
0.8923822056485098,88,12480,0.9,1.0,0.0,0.7,0.1,0.9,0.8,0.1,0.5,0.7,3,2,4,5,4,2,2,0,4,1,0.01,0.75,evacuation_point0;map(['motorbike'::862,'bicycle'::249,'pedestrian'::80,'car'::45])|evacuation_point1;map(['motorbike'::1789,'bicycle'::477,'pedestrian'::146,'car'::10])|evacuation_point2;map(['motorbike'::2006,'bicycle'::546,'car'::13,'pedestrian'::155])|evacuation_point3;map(['motorbike'::1004,'bicycle'::265,'pedestrian'::66,'car'::13])|evacuation_point4;map(['motorbike'::1151,'bicycle'::281,'pedestrian'::105,'car'::36])|evacuation_point5;map(['motorbike'::615,'pedestrian'::57,'bicycle'::179,'car'::6])|
0.9876598593171909,92,12120,0.4,0.3,0.7,0.9,0.5,0.7,0.1,0.9,0.6,0.3,5,1,3,1,5,5,1,5,4,2,0.01,0.75,evacuation_point0;map(['bicycle'::291,'motorbike'::1010,'pedestrian'::75,'car'::10])|evacuation_point1;map(['motorbike'::1952,'bicycle'::485,'pedestrian'::164,'car'::50])|evacuation_point2;map(['motorbike'::2145,'bicycle'::609,'pedestrian'::178])|evacuation_point3;map(['motorbike'::1401,'bicycle'::360,'pedestrian'::112,'car'::37])|evacuation_point4;map(['motorbike'::319,'bicycle'::59,'pedestrian'::12,'car'::12])|evacuation_point5;map(['motorbike'::600,'pedestrian'::68,'bicycle'::193,'car'::14])|
0.9819587533256161,94,11520,0.4,0.3,0.7,0.9,0.5,0.7,0.1,0.9,0.6,0.3,5,1,3,1,5,5,1,5,4,2,0.01,0.75,evacuation_point0;map(['motorbike'::979,'bicycle'::274,'pedestrian'::87,'car'::10])|evacuation_point1;map(['motorbike'::1886,'bicycle'::502,'pedestrian'::155,'car'::50])|evacuation_point2;map(['motorbike'::2161,'bicycle'::600,'pedestrian'::196])|evacuation_point3;map(['motorbike'::1419,'bicycle'::353,'pedestrian'::97,'car'::37])|evacuation_point4;map(['motorbike'::304,'bicycle'::69,'pedestrian'::4,'car'::12])|evacuation_point5;map(['motorbike'::678,'pedestrian'::70,'bicycle'::199,'car'::14])|
0.31914167444949415,89,12480,0.9,1.0,0.0,0.7,0.1,0.9,0.8,0.1,0.5,0.7,3,2,4,5,4,2,2,0,4,1,0.01,0.75,evacuation_point0;map(['motorbike'::908,'bicycle'::252,'pedestrian'::91,'car'::45])|evacuation_point1;map(['motorbike'::1904,'bicycle'::479,'pedestrian'::150,'car'::10])|evacuation_point2;map(['motorbike'::2105,'bicycle'::603,'car'::13,'pedestrian'::169])|evacuation_point3;map(['motorbike'::832,'bicycle'::228,'pedestrian'::51,'car'::13])|evacuation_point4;map(['motorbike'::1141,'bicycle'::260,'car'::36,'pedestrian'::90])|evacuation_point5;map(['pedestrian'::58,'motorbike'::537,'bicycle'::175,'car'::6])|
0.6586637177744034,91,12600,0.9,1.0,0.0,0.7,0.1,0.9,0.8,0.1,0.5,0.7,3,2,4,5,4,2,2,0,4,1,0.01,0.75,evacuation_point0;map(['motorbike'::839,'bicycle'::227,'pedestrian'::81,'car'::45])|evacuation_point1;map(['motorbike'::1905,'bicycle'::576,'pedestrian'::131,'car'::10])|evacuation_point2;map(['motorbike'::2529,'bicycle'::627,'car'::13,'pedestrian'::196])|evacuation_point3;map(['motorbike'::966,'bicycle'::274,'pedestrian'::87,'car'::13])|evacuation_point4;map(['motorbike'::637,'bicycle'::116,'car'::36,'pedestrian'::53])|evacuation_point5;map(['motorbike'::551,'pedestrian'::61,'bicycle'::177,'car'::6])|
0.9165802224586831,95,11520,0.4,0.3,0.7,0.9,0.5,0.7,0.1,0.9,0.6,0.3,5,1,3,1,5,5,1,5,4,2,0.01,0.75,evacuation_point0;map(['motorbike'::1199,'bicycle'::327,'pedestrian'::98,'car'::10])|evacuation_point1;map(['motorbike'::1972,'bicycle'::459,'pedestrian'::178,'car'::50])|evacuation_point2;map(['motorbike'::1817,'bicycle'::554,'pedestrian'::152])|evacuation_point3;map(['motorbike'::1327,'bicycle'::381,'pedestrian'::102,'car'::37])|evacuation_point4;map(['motorbike'::471,'bicycle'::83,'pedestrian'::4,'car'::12])|evacuation_point5;map(['motorbike'::641,'pedestrian'::75,'bicycle'::193,'car'::14])|
0.8561153977772716,93,13080,0.4,0.3,0.7,0.9,0.5,0.7,0.1,0.9,0.6,0.3,5,1,3,1,5,5,1,5,4,2,0.01,0.75,evacuation_point0;map(['motorbike'::1218,'bicycle'::330,'pedestrian'::94,'car'::10])|evacuation_point1;map(['motorbike'::1916,'car'::50,'bicycle'::511,'pedestrian'::159])|evacuation_point2;map(['motorbike'::2094,'bicycle'::572,'pedestrian'::182])|evacuation_point3;map(['motorbike'::1360,'bicycle'::347,'pedestrian'::111,'car'::37])|evacuation_point4;map(['motorbike'::269,'bicycle'::56,'pedestrian'::3,'car'::12])|evacuation_point5;map(['motorbike'::570,'pedestrian'::60,'bicycle'::181,'car'::14])|
0.9429326709816943,100,11640,0.4,0.3,0.3,0.5,0.2,0.2,0.8,0.7,0.4,0.1,3,1,3,4,5,4,5,3,0,0,0.01,0.75,evacuation_point0;map(['motorbike'::1050,'bicycle'::286,'pedestrian'::83])|evacuation_point1;map(['motorbike'::1487,'bicycle'::386,'pedestrian'::126,'car'::14])|evacuation_point2;map(['motorbike'::2293,'bicycle'::601,'pedestrian'::172,'car'::22])|evacuation_point3;map(['motorbike'::1567,'bicycle'::429,'pedestrian'::133,'car'::38])|evacuation_point4;map(['motorbike'::118,'bicycle'::37,'pedestrian'::6,'car'::17])|evacuation_point5;map(['motorbike'::912,'pedestrian'::89,'bicycle'::258,'car'::32])|
0.5664820685674352,101,11640,0.4,0.3,0.3,0.5,0.2,0.2,0.8,0.7,0.4,0.1,3,1,3,4,5,4,5,3,0,0,0.01,0.75,evacuation_point0;map(['motorbike'::1303,'bicycle'::369,'pedestrian'::115])|evacuation_point1;map(['motorbike'::1677,'bicycle'::444,'pedestrian'::127,'car'::14])|evacuation_point2;map(['motorbike'::2272,'bicycle'::588,'pedestrian'::194,'car'::22])|evacuation_point3;map(['motorbike'::1195,'bicycle'::334,'pedestrian'::80,'car'::38])|evacuation_point4;map(['motorbike'::110,'bicycle'::33,'pedestrian'::9,'car'::17])|evacuation_point5;map(['motorbike'::870,'pedestrian'::84,'bicycle'::229,'car'::32])|
0.4394220826012488,102,11640,0.4,0.3,0.3,0.5,0.2,0.2,0.8,0.7,0.4,0.1,3,1,3,4,5,4,5,3,0,0,0.01,0.75,evacuation_point0;map(['motorbike'::1093,'bicycle'::312,'pedestrian'::100])|evacuation_point1;map(['motorbike'::1359,'bicycle'::361,'pedestrian'::97,'car'::14])|evacuation_point2;map(['motorbike'::2299,'bicycle'::586,'pedestrian'::184,'car'::22])|evacuation_point3;map(['motorbike'::1572,'bicycle'::449,'pedestrian'::120,'car'::38])|evacuation_point4;map(['motorbike'::165,'bicycle'::52,'pedestrian'::8,'car'::17])|evacuation_point5;map(['motorbike'::939,'pedestrian'::100,'bicycle'::237,'car'::32])|
0.33691006741585316,98,12120,0.8,0.8,0.5,0.9,0.7,0.6,0.2,0.5,1.0,0.5,4,0,4,2,2,4,0,0,0,4,0.01,0.75,evacuation_point0;map(['motorbike'::2340,'bicycle'::645,'pedestrian'::186,'car'::24])|evacuation_point1;map(['motorbike'::1644,'bicycle'::459,'pedestrian'::165])|evacuation_point2;map(['motorbike'::2301,'bicycle'::616,'car'::64,'pedestrian'::161])|evacuation_point3;map(['motorbike'::739,'bicycle'::187,'pedestrian'::59])|evacuation_point4;map(['motorbike'::151,'bicycle'::25,'pedestrian'::19,'car'::35])|evacuation_point5;map(['motorbike'::252,'pedestrian'::19,'bicycle'::65])|
0.8508809314656884,97,12240,0.8,0.8,0.5,0.9,0.7,0.6,0.2,0.5,1.0,0.5,4,0,4,2,2,4,0,0,0,4,0.01,0.75,evacuation_point0;map(['motorbike'::1689,'bicycle'::453,'pedestrian'::129,'car'::24])|evacuation_point1;map(['motorbike'::1845,'bicycle'::515,'pedestrian'::176])|evacuation_point2;map(['motorbike'::2590,'bicycle'::690,'car'::64,'pedestrian'::202])|evacuation_point3;map(['motorbike'::943,'bicycle'::256,'pedestrian'::72])|evacuation_point4;map(['motorbike'::126,'bicycle'::30,'pedestrian'::9,'car'::35])|evacuation_point5;map(['motorbike'::234,'pedestrian'::21,'bicycle'::53])|
0.49648926687853834,103,11640,0.4,0.3,0.3,0.5,0.2,0.2,0.8,0.7,0.4,0.1,3,1,3,4,5,4,5,3,0,0,0.01,0.75,evacuation_point0;map(['motorbike'::1197,'bicycle'::315,'pedestrian'::117])|evacuation_point1;map(['motorbike'::1417,'bicycle'::389,'pedestrian'::120,'car'::14])|evacuation_point2;map(['motorbike'::2168,'bicycle'::561,'pedestrian'::170,'car'::22])|evacuation_point3;map(['motorbike'::1530,'bicycle'::437,'pedestrian'::124,'car'::38])|evacuation_point4;map(['motorbike'::164,'bicycle'::43,'pedestrian'::7,'car'::17])|evacuation_point5;map(['motorbike'::951,'pedestrian'::71,'bicycle'::252,'car'::32])|
0.3710037246562635,96,12720,0.8,0.8,0.5,0.9,0.7,0.6,0.2,0.5,1.0,0.5,4,0,4,2,2,4,0,0,0,4,0.01,0.75,evacuation_point0;map(['motorbike'::1722,'bicycle'::470,'pedestrian'::140,'car'::24])|evacuation_point1;map(['motorbike'::1710,'bicycle'::459,'pedestrian'::163])|evacuation_point2;map(['motorbike'::2623,'bicycle'::688,'car'::64,'pedestrian'::191])|evacuation_point3;map(['motorbike'::955,'bicycle'::267,'pedestrian'::80])|evacuation_point4;map(['motorbike'::113,'bicycle'::28,'pedestrian'::13,'car'::35])|evacuation_point5;map(['motorbike'::304,'pedestrian'::22,'bicycle'::85])|
0.44653670044555516,108,11640,0.9,0.5,0.1,0.7,0.6,0.9,0.1,0.9,0.5,0.2,3,5,1,0,4,2,4,2,5,2,0.01,0.75,evacuation_point0;map(['motorbike'::1295,'bicycle'::362,'pedestrian'::121,'car'::29])|evacuation_point1;map(['motorbike'::1910,'bicycle'::472,'pedestrian'::145,'car'::14])|evacuation_point2;map(['motorbike'::1664,'bicycle'::430,'pedestrian'::111,'car'::11])|evacuation_point3;map(['motorbike'::1452,'bicycle'::408,'pedestrian'::129,'car'::28])|evacuation_point4;map(['motorbike'::736,'bicycle'::215,'pedestrian'::62,'car'::35])|evacuation_point5;map(['motorbike'::370,'pedestrian'::41,'bicycle'::110,'car'::6])|
0.014015973703483842,106,12360,0.2,1.0,0.4,0.8,0.7,0.0,0.1,0.7,0.2,0.4,0,1,5,5,5,2,5,0,2,3,0.01,0.75,evacuation_point0;map(['motorbike'::1104,'bicycle'::288,'car'::18,'pedestrian'::65])|evacuation_point1;map(['motorbike'::1951,'bicycle'::560,'pedestrian'::172,'car'::14])|evacuation_point2;map(['motorbike'::2381,'bicycle'::625,'pedestrian'::200,'car'::18])|evacuation_point3;map(['motorbike'::1650,'bicycle'::429,'pedestrian'::139,'car'::63])|evacuation_point4;map(['bicycle'::11,'motorbike'::33])|evacuation_point5;map(['motorbike'::308,'pedestrian'::33,'bicycle'::84,'car'::10])|
0.5214938612463831,105,12480,0.2,1.0,0.4,0.8,0.7,0.0,0.1,0.7,0.2,0.4,0,1,5,5,5,2,5,0,2,3,0.01,0.75,evacuation_point0;map(['motorbike'::1023,'bicycle'::258,'pedestrian'::62,'car'::18])|evacuation_point1;map(['motorbike'::2080,'bicycle'::563,'pedestrian'::155,'car'::14])|evacuation_point2;map(['motorbike'::2362,'bicycle'::629,'pedestrian'::218,'car'::18])|evacuation_point3;map(['motorbike'::1624,'bicycle'::445,'pedestrian'::133,'car'::63])|evacuation_point4;map(['bicycle'::11,'motorbike'::38])|evacuation_point5;map(['motorbike'::300,'pedestrian'::41,'bicycle'::91,'car'::10])|
