0.3068137472762653,13,10920,0.9,0.1,0.9,0.5,0.2,0.5,0.9,0.2,0.1,0.8,2,4,2,5,2,3,0,0,5,5,0.01,0.75,evacuation_point0;map(['motorbike'::1874,'bicycle'::506,'pedestrian'::178,'car'::32])|evacuation_point1;map(['motorbike'::1711,'bicycle'::450,'pedestrian'::150])|evacuation_point2;map(['motorbike'::2378,'bicycle'::677,'pedestrian'::175,'car'::38])|evacuation_point3;map(['motorbike'::936,'bicycle'::227,'pedestrian'::56,'car'::33])|evacuation_point4;map(['motorbike'::163,'bicycle'::51,'pedestrian'::13,'car'::14])|evacuation_point5;map(['motorbike'::365,'pedestrian'::37,'bicycle'::86,'car'::6])|
0.8106053026493414,4,10920,0.7,0.1,0.1,0.9,0.4,0.5,0.2,0.3,0.1,0.6,3,4,5,2,4,2,0,2,3,0,0.01,0.75,evacuation_point0;map(['motorbike'::1647,'bicycle'::484,'pedestrian'::139,'car'::30])|evacuation_point1;map(['motorbike'::1497,'bicycle'::334,'pedestrian'::125])|evacuation_point2;map(['motorbike'::2116,'bicycle'::589,'pedestrian'::159,'car'::35])|evacuation_point3;map(['motorbike'::1147,'bicycle'::287,'car'::16,'pedestrian'::84])|evacuation_point4;map(['motorbike'::322,'bicycle'::124,'pedestrian'::37,'car'::24])|evacuation_point5;map(['motorbike'::698,'pedestrian'::65,'bicycle'::179,'car'::18])|
0.4486774592475229,5,10920,0.7,0.1,0.1,0.9,0.4,0.5,0.2,0.3,0.1,0.6,3,4,5,2,4,2,0,2,3,0,0.01,0.75,evacuation_point0;map(['motorbike'::1563,'bicycle'::414,'pedestrian'::117,'car'::30])|evacuation_point1;map(['motorbike'::1524,'bicycle'::389,'pedestrian'::125])|evacuation_point2;map(['motorbike'::2225,'bicycle'::600,'pedestrian'::176,'car'::35])|evacuation_point3;map(['motorbike'::1259,'bicycle'::326,'car'::16,'pedestrian'::90])|evacuation_point4;map(['motorbike'::277,'bicycle'::89,'pedestrian'::42,'car'::24])|evacuation_point5;map(['motorbike'::579,'pedestrian'::59,'bicycle'::179,'car'::18])|
0.1426337192411743,14,11280,0.0,0.7,0.1,0.9,0.8,0.1,0.5,0.7,0.6,0.4,4,5,4,2,2,0,4,1,3,1,0.01,0.75,evacuation_point0;map(['motorbike'::1204,'bicycle'::311,'pedestrian'::92,'car'::24])|evacuation_point1;map(['motorbike'::1901,'bicycle'::472,'pedestrian'::125,'car'::23])|evacuation_point2;map(['motorbike'::2266,'bicycle'::635,'pedestrian'::177,'car'::6])|evacuation_point3;map(['motorbike'::855,'bicycle'::248,'pedestrian'::92,'car'::14])|evacuation_point4;map(['motorbike'::949,'bicycle'::255,'pedestrian'::96,'car'::44])|evacuation_point5;map(['motorbike'::252,'pedestrian'::27,'bicycle'::76,'car'::12])|
0.35374723235166317,15,11520,0.0,0.7,0.1,0.9,0.8,0.1,0.5,0.7,0.6,0.4,4,5,4,2,2,0,4,1,3,1,0.01,0.75,evacuation_point0;map(['motorbike'::1177,'bicycle'::306,'pedestrian'::104,'car'::24])|evacuation_point1;map(['motorbike'::1942,'bicycle'::457,'pedestrian'::131,'car'::23])|evacuation_point2;map(['motorbike'::2241,'bicycle'::640,'pedestrian'::189,'car'::6])|evacuation_point3;map(['motorbike'::771,'bicycle'::258,'pedestrian'::68,'car'::14])|evacuation_point4;map(['motorbike'::947,'bicycle'::260,'pedestrian'::83,'car'::44])|evacuation_point5;map(['pedestrian'::34,'motorbike'::349,'bicycle'::76,'car'::12])|
0.2823871183396408,19,11520,0.4,0.1,0.6,0.2,0.4,0.3,0.7,0.9,0.5,0.7,0,5,3,1,5,1,3,1,5,5,0.01,0.75,evacuation_point0;map(['motorbike'::690,'bicycle'::190,'pedestrian'::38])|evacuation_point1;map(['motorbike'::1826,'bicycle'::465,'pedestrian'::135,'car'::30])|evacuation_point2;map(['motorbike'::2695,'bicycle'::718,'pedestrian'::231,'car'::5])|evacuation_point3;map(['motorbike'::1300,'bicycle'::363,'pedestrian'::120,'car'::49])|evacuation_point4;map(['bicycle'::16,'pedestrian'::1,'motorbike'::44])|evacuation_point5;map(['motorbike'::872,'pedestrian'::84,'bicycle'::245,'car'::39])|
0.5791124694940853,2,11760,0.3,0.0,0.9,0.0,0.1,0.2,0.3,0.0,0.5,0.0,5,4,3,3,1,3,4,5,4,5,0.01,0.75,evacuation_point0;map(['motorbike'::1712,'bicycle'::476,'pedestrian'::148])|evacuation_point1;map(['motorbike'::2037,'bicycle'::524,'pedestrian'::164,'car'::13])|evacuation_point2;map(['motorbike'::2046,'bicycle'::527,'pedestrian'::168])|evacuation_point3;map(['motorbike'::927,'bicycle'::275,'pedestrian'::69,'car'::28])|evacuation_point4;map(['motorbike'::134,'pedestrian'::12,'bicycle'::30,'car'::51])|evacuation_point5;map(['motorbike'::571,'pedestrian'::48,'bicycle'::165,'car'::31])|
0.08566464591962597,12,11760,0.9,0.1,0.9,0.5,0.2,0.5,0.9,0.2,0.1,0.8,2,4,2,5,2,3,0,0,5,5,0.01,0.75,evacuation_point0;map(['motorbike'::2253,'bicycle'::605,'pedestrian'::195,'car'::32])|evacuation_point1;map(['motorbike'::1845,'bicycle'::467,'pedestrian'::147])|evacuation_point2;map(['motorbike'::1987,'bicycle'::596,'pedestrian'::148,'car'::38])|evacuation_point3;map(['motorbike'::899,'bicycle'::213,'pedestrian'::75,'car'::33])|evacuation_point4;map(['motorbike'::176,'bicycle'::54,'pedestrian'::17,'car'::14])|evacuation_point5;map(['motorbike'::267,'pedestrian'::27,'bicycle'::62,'car'::6])|
0.9608662109330678,10,11760,0.4,0.1,0.4,1.0,0.4,0.9,0.4,0.0,0.3,0.5,1,1,1,1,0,5,2,0,4,3,0.01,0.75,evacuation_point0;map(['motorbike'::1683,'bicycle'::427,'pedestrian'::126,'car'::25])|evacuation_point1;map(['motorbike'::1920,'bicycle'::559,'pedestrian'::172,'car'::44])|evacuation_point2;map(['motorbike'::2361,'bicycle'::655,'car'::26,'pedestrian'::219])|evacuation_point3;map(['motorbike'::921,'bicycle'::248,'pedestrian'::58,'car'::6])|evacuation_point4;map(['motorbike'::258,'bicycle'::28,'pedestrian'::7,'car'::12])|evacuation_point5;map(['motorbike'::284,'pedestrian'::27,'bicycle'::80,'car'::10])|
0.47152996923780954,0,12240,0.8,0.8,0.5,0.9,0.7,0.6,0.2,0.5,1.0,0.5,4,0,4,2,2,4,2,2,3,0,0.01,0.75,evacuation_point0;map(['motorbike'::2645,'bicycle'::718,'pedestrian'::226,'car'::62])|evacuation_point1;map(['motorbike'::1720,'bicycle'::478,'pedestrian'::163])|evacuation_point2;map(['motorbike'::1649,'bicycle'::433,'pedestrian'::94,'car'::24])|evacuation_point3;map(['motorbike'::994,'bicycle'::251,'pedestrian'::64])|evacuation_point4;map(['motorbike'::116,'bicycle'::37,'pedestrian'::28,'car'::25])|evacuation_point5;map(['motorbike'::303,'pedestrian'::34,'bicycle'::80,'car'::12])|
0.16442616209461258,9,12480,0.9,0.4,0.2,0.7,0.4,0.5,0.1,0.8,0.5,0.3,5,1,2,2,1,3,1,1,4,4,0.01,0.75,evacuation_point0;map(['motorbike'::1944,'car'::25,'bicycle'::535,'pedestrian'::170])|evacuation_point1;map(['motorbike'::1889,'bicycle'::505,'pedestrian'::159,'car'::65])|evacuation_point2;map(['motorbike'::2273,'bicycle'::601,'pedestrian'::182])|evacuation_point3;map(['motorbike'::938,'bicycle'::255,'pedestrian'::72,'car'::5])|evacuation_point4;map(['motorbike'::165,'bicycle'::22,'pedestrian'::11,'car'::22])|evacuation_point5;map(['motorbike'::218,'pedestrian'::15,'bicycle'::79,'car'::6])|
0.30565289274872054,3,12600,0.3,0.0,0.9,0.0,0.1,0.2,0.3,0.0,0.5,0.0,5,4,3,3,1,3,4,5,4,5,0.01,0.75,evacuation_point0;map(['motorbike'::1957,'bicycle'::546,'pedestrian'::151])|evacuation_point1;map(['motorbike'::1976,'bicycle'::524,'pedestrian'::160,'car'::13])|evacuation_point2;map(['motorbike'::1895,'bicycle'::506,'pedestrian'::165])|evacuation_point3;map(['motorbike'::977,'bicycle'::250,'pedestrian'::68,'car'::28])|evacuation_point4;map(['motorbike'::60,'bicycle'::22,'pedestrian'::4,'car'::51])|evacuation_point5;map(['motorbike'::562,'pedestrian'::61,'bicycle'::149,'car'::31])|
0.36080307368640896,18,12960,0.4,0.1,0.6,0.2,0.4,0.3,0.7,0.9,0.5,0.7,0,5,3,1,5,1,3,1,5,5,0.01,0.75,evacuation_point0;map(['motorbike'::1138,'bicycle'::295,'pedestrian'::96])|evacuation_point1;map(['motorbike'::1735,'bicycle'::450,'pedestrian'::127,'car'::30])|evacuation_point2;map(['motorbike'::2232,'bicycle'::635,'pedestrian'::185,'car'::5])|evacuation_point3;map(['motorbike'::1462,'bicycle'::403,'pedestrian'::117,'car'::49])|evacuation_point4;map(['motorbike'::35,'pedestrian'::1,'bicycle'::9])|evacuation_point5;map(['pedestrian'::83,'motorbike'::825,'bicycle'::205,'car'::39])|
0.2450056284284633,1,13080,0.8,0.8,0.5,0.9,0.7,0.6,0.2,0.5,1.0,0.5,4,0,4,2,2,4,2,2,3,0,0.01,0.75,evacuation_point0;map(['motorbike'::2597,'bicycle'::681,'pedestrian'::205,'car'::62])|evacuation_point1;map(['motorbike'::1615,'bicycle'::468,'pedestrian'::147])|evacuation_point2;map(['motorbike'::1723,'bicycle'::442,'pedestrian'::122,'car'::24])|evacuation_point3;map(['motorbike'::1114,'bicycle'::307,'pedestrian'::92])|evacuation_point4;map(['motorbike'::150,'bicycle'::43,'pedestrian'::15,'car'::25])|evacuation_point5;map(['motorbike'::228,'pedestrian'::28,'bicycle'::56,'car'::12])|
0.8199942463981081,6,13200,0.8,0.4,0.7,0.9,0.8,0.7,0.9,0.3,0.0,0.1,2,1,0,0,5,1,1,0,3,5,0.01,0.75,evacuation_point0;map(['motorbike'::1294,'bicycle'::342,'pedestrian'::108,'car'::5])|evacuation_point1;map(['motorbike'::1676,'bicycle'::452,'pedestrian'::150,'car'::45])|evacuation_point2;map(['motorbike'::2153,'bicycle'::633,'pedestrian'::174,'car'::38])|evacuation_point3;map(['motorbike'::1272,'bicycle'::314,'pedestrian'::98,'car'::23])|evacuation_point4;map(['motorbike'::40,'bicycle'::9])|evacuation_point5;map(['motorbike'::992,'bicycle'::247,'pedestrian'::79,'car'::12])|
0.4493589854289465,17,13200,0.1,0.2,1.0,0.4,0.8,0.7,0.0,0.1,0.7,0.2,2,0,1,5,5,5,2,1,5,4,0.01,0.75,evacuation_point0;map(['motorbike'::1418,'bicycle'::353,'pedestrian'::107,'car'::30])|evacuation_point1;map(['motorbike'::1896,'bicycle'::533,'pedestrian'::146,'car'::27])|evacuation_point2;map(['motorbike'::2019,'bicycle'::529,'pedestrian'::170,'car'::14])|evacuation_point3;map(['motorbike'::1642,'bicycle'::460,'pedestrian'::147,'car'::42])|evacuation_point4;map(['motorbike'::54,'pedestrian'::3,'car'::10,'bicycle'::9])|evacuation_point5;map(['motorbike'::398,'pedestrian'::36,'bicycle'::113])|
0.516357851754521,8,13200,0.9,0.4,0.2,0.7,0.4,0.5,0.1,0.8,0.5,0.3,5,1,2,2,1,3,1,1,4,4,0.01,0.75,evacuation_point0;map(['motorbike'::2099,'car'::25,'bicycle'::591,'pedestrian'::184])|evacuation_point1;map(['motorbike'::2062,'bicycle'::508,'pedestrian'::160,'car'::65])|evacuation_point2;map(['motorbike'::2036,'bicycle'::570,'pedestrian'::176])|evacuation_point3;map(['motorbike'::754,'bicycle'::229,'pedestrian'::61,'car'::5])|evacuation_point4;map(['motorbike'::195,'bicycle'::29,'pedestrian'::8,'car'::22])|evacuation_point5;map(['motorbike'::281,'pedestrian'::20,'bicycle'::70,'car'::6])|
0.4459421753902427,16,13440,0.1,0.2,1.0,0.4,0.8,0.7,0.0,0.1,0.7,0.2,2,0,1,5,5,5,2,1,5,4,0.01,0.75,evacuation_point0;map(['motorbike'::1727,'bicycle'::433,'pedestrian'::133,'car'::30])|evacuation_point1;map(['motorbike'::2056,'bicycle'::563,'pedestrian'::156,'car'::27])|evacuation_point2;map(['motorbike'::2013,'bicycle'::550,'pedestrian'::183,'car'::14])|evacuation_point3;map(['motorbike'::1221,'bicycle'::348,'pedestrian'::99,'car'::42])|evacuation_point4;map(['motorbike'::63,'bicycle'::8,'car'::10])|evacuation_point5;map(['pedestrian'::38,'motorbike'::347,'bicycle'::95])|
0.5499917807400392,11,14040,0.4,0.1,0.4,1.0,0.4,0.9,0.4,0.0,0.3,0.5,1,1,1,1,0,5,2,0,4,3,0.01,0.75,evacuation_point0;map(['motorbike'::1642,'bicycle'::370,'pedestrian'::119,'car'::25])|evacuation_point1;map(['motorbike'::1988,'bicycle'::603,'pedestrian'::174,'car'::44])|evacuation_point2;map(['motorbike'::2334,'bicycle'::672,'car'::26,'pedestrian'::214])|evacuation_point3;map(['motorbike'::976,'bicycle'::259,'pedestrian'::81,'car'::6])|evacuation_point4;map(['motorbike'::225,'bicycle'::15,'pedestrian'::3,'car'::12])|evacuation_point5;map(['motorbike'::262,'pedestrian'::18,'bicycle'::78,'car'::10])|
0.4243677212220913,7,14160,0.8,0.4,0.7,0.9,0.8,0.7,0.9,0.3,0.0,0.1,2,1,0,0,5,1,1,0,3,5,0.01,0.75,evacuation_point0;map(['motorbike'::1469,'pedestrian'::154,'bicycle'::379,'car'::5])|evacuation_point1;map(['motorbike'::1772,'bicycle'::497,'pedestrian'::163,'car'::45])|evacuation_point2;map(['motorbike'::2034,'bicycle'::583,'pedestrian'::156,'car'::38])|evacuation_point3;map(['motorbike'::1043,'bicycle'::270,'pedestrian'::68,'car'::23])|evacuation_point4;map(['motorbike'::38,'bicycle'::9,'pedestrian'::1])|evacuation_point5;map(['motorbike'::1071,'bicycle'::259,'pedestrian'::67,'car'::12])|
0.8748071913897777,39,10440,0.3,0.0,0.9,0.0,0.1,0.2,0.3,0.0,0.5,0.8,2,4,2,5,2,3,0,0,5,5,0.01,0.75,evacuation_point0;map(['motorbike'::1898,'bicycle'::467,'pedestrian'::172,'car'::32])|evacuation_point1;map(['motorbike'::1612,'bicycle'::441,'pedestrian'::121])|evacuation_point2;map(['motorbike'::2222,'bicycle'::618,'pedestrian'::178,'car'::38])|evacuation_point3;map(['motorbike'::1392,'bicycle'::391,'pedestrian'::112,'car'::33])|evacuation_point4;map(['motorbike'::44,'bicycle'::9,'pedestrian'::5,'car'::14])|evacuation_point5;map(['motorbike'::259,'pedestrian'::21,'bicycle'::71,'car'::6])|
0.057625823753083116,22,10800,0.9,0.1,0.9,0.5,0.2,0.5,0.9,0.2,0.1,0.8,2,4,2,5,2,3,0,0,5,5,0.01,0.75,evacuation_point0;map(['motorbike'::1842,'bicycle'::502,'pedestrian'::175,'car'::32])|evacuation_point1;map(['motorbike'::1662,'bicycle'::444,'pedestrian'::140])|evacuation_point2;map(['motorbike'::2105,'bicycle'::608,'pedestrian'::162,'car'::38])|evacuation_point3;map(['motorbike'::1257,'bicycle'::292,'pedestrian'::80,'car'::33])|evacuation_point4;map(['motorbike'::177,'bicycle'::64,'pedestrian'::15,'car'::14])|evacuation_point5;map(['motorbike'::384,'pedestrian'::37,'bicycle'::87,'car'::6])|
0.6305047892839447,21,10920,0.7,0.1,0.1,0.9,0.4,0.5,0.2,0.3,0.1,0.6,3,4,5,2,4,2,0,2,3,0,0.01,0.75,evacuation_point0;map(['motorbike'::1652,'bicycle'::465,'pedestrian'::123,'car'::30])|evacuation_point1;map(['motorbike'::1594,'bicycle'::384,'pedestrian'::122])|evacuation_point2;map(['motorbike'::1983,'bicycle'::536,'pedestrian'::163,'car'::35])|evacuation_point3;map(['motorbike'::1207,'bicycle'::326,'car'::16,'pedestrian'::94])|evacuation_point4;map(['motorbike'::301,'bicycle'::105,'pedestrian'::42,'car'::24])|evacuation_point5;map(['motorbike'::690,'pedestrian'::65,'bicycle'::181,'car'::18])|
0.6576413835029683,23,10920,0.9,0.1,0.9,0.5,0.2,0.5,0.9,0.2,0.1,0.8,2,4,2,5,2,3,0,0,5,5,0.01,0.75,evacuation_point0;map(['motorbike'::1827,'pedestrian'::192,'bicycle'::496,'car'::32])|evacuation_point1;map(['motorbike'::1734,'bicycle'::468,'pedestrian'::133])|evacuation_point2;map(['motorbike'::2416,'bicycle'::669,'pedestrian'::172,'car'::38])|evacuation_point3;map(['motorbike'::901,'bicycle'::212,'pedestrian'::64,'car'::33])|evacuation_point4;map(['motorbike'::184,'bicycle'::58,'pedestrian'::17,'car'::14])|evacuation_point5;map(['motorbike'::365,'pedestrian'::31,'bicycle'::94,'car'::6])|
0.32914638379640593,20,10920,0.7,0.1,0.1,0.9,0.4,0.5,0.2,0.3,0.1,0.6,3,4,5,2,4,2,0,2,3,0,0.01,0.75,evacuation_point0;map(['motorbike'::1736,'bicycle'::477,'pedestrian'::139,'car'::30])|evacuation_point1;map(['motorbike'::1553,'bicycle'::385,'pedestrian'::132])|evacuation_point2;map(['motorbike'::2159,'bicycle'::590,'pedestrian'::167,'car'::35])|evacuation_point3;map(['motorbike'::1086,'car'::16,'bicycle'::289,'pedestrian'::74])|evacuation_point4;map(['motorbike'::304,'bicycle'::89,'pedestrian'::43,'car'::24])|evacuation_point5;map(['motorbike'::589,'pedestrian'::54,'bicycle'::167,'car'::18])|
0.16103522839400575,38,11040,0.3,0.0,0.9,0.0,0.1,0.2,0.3,0.0,0.5,0.8,2,4,2,5,2,3,0,0,5,5,0.01,0.75,evacuation_point0;map(['motorbike'::1822,'bicycle'::491,'pedestrian'::157,'car'::32])|evacuation_point1;map(['motorbike'::1845,'bicycle'::460,'pedestrian'::145])|evacuation_point2;map(['motorbike'::2479,'bicycle'::681,'car'::38,'pedestrian'::195])|evacuation_point3;map(['motorbike'::783,'bicycle'::247,'pedestrian'::80,'car'::33])|evacuation_point4;map(['motorbike'::50,'bicycle'::16,'pedestrian'::2,'car'::14])|evacuation_point5;map(['pedestrian'::30,'motorbike'::448,'bicycle'::102,'car'::6])|
0.6610048928510112,42,11040,0.0,0.7,0.1,0.9,0.8,0.1,0.5,0.7,0.6,0.4,4,5,4,2,5,5,2,1,5,4,0.01,0.75,evacuation_point0;map(['motorbike'::1474,'bicycle'::432,'pedestrian'::129,'car'::36])|evacuation_point1;map(['motorbike'::1675,'bicycle'::448,'pedestrian'::129,'car'::13])|evacuation_point2;map(['motorbike'::1940,'bicycle'::496,'pedestrian'::162])|evacuation_point3;map(['motorbike'::1022,'bicycle'::269,'pedestrian'::86,'car'::45])|evacuation_point4;map(['motorbike'::950,'bicycle'::250,'pedestrian'::66,'car'::29])|evacuation_point5;map(['motorbike'::366,'pedestrian'::37,'bicycle'::102])|
0.03967286449069052,24,11160,0.0,0.7,0.1,0.9,0.8,0.1,0.5,0.7,0.6,0.4,4,5,4,2,2,0,4,1,3,1,0.01,0.75,evacuation_point0;map(['motorbike'::1280,'bicycle'::338,'pedestrian'::112,'car'::24])|evacuation_point1;map(['motorbike'::1863,'bicycle'::467,'pedestrian'::117,'car'::23])|evacuation_point2;map(['motorbike'::2320,'bicycle'::641,'pedestrian'::188,'car'::6])|evacuation_point3;map(['motorbike'::792,'bicycle'::238,'pedestrian'::76,'car'::14])|evacuation_point4;map(['motorbike'::930,'bicycle'::251,'pedestrian'::89,'car'::44])|evacuation_point5;map(['motorbike'::242,'pedestrian'::27,'bicycle'::62,'car'::12])|
0.5165894294511075,33,11160,0.9,0.4,0.2,0.7,0.4,0.5,0.1,0.8,0.5,0.3,5,1,2,2,1,3,1,1,4,4,0.01,0.75,evacuation_point0;map(['motorbike'::2473,'car'::25,'bicycle'::695,'pedestrian'::213])|evacuation_point1;map(['motorbike'::1835,'bicycle'::492,'pedestrian'::157,'car'::65])|evacuation_point2;map(['motorbike'::1923,'bicycle'::499,'pedestrian'::147])|evacuation_point3;map(['motorbike'::767,'bicycle'::225,'pedestrian'::60,'car'::5])|evacuation_point4;map(['motorbike'::143,'bicycle'::17,'pedestrian'::9,'car'::22])|evacuation_point5;map(['motorbike'::286,'pedestrian'::23,'bicycle'::69,'car'::6])|
0.6045356468606745,25,11160,0.0,0.7,0.1,0.9,0.8,0.1,0.5,0.7,0.6,0.4,4,5,4,2,2,0,4,1,3,1,0.01,0.75,evacuation_point0;map(['motorbike'::1244,'bicycle'::355,'pedestrian'::125,'car'::24])|evacuation_point1;map(['motorbike'::1877,'bicycle'::455,'pedestrian'::111,'car'::23])|evacuation_point2;map(['motorbike'::2295,'bicycle'::626,'pedestrian'::176,'car'::6])|evacuation_point3;map(['bicycle'::264,'motorbike'::901,'pedestrian'::89,'car'::14])|evacuation_point4;map(['motorbike'::866,'bicycle'::244,'pedestrian'::77,'car'::44])|evacuation_point5;map(['motorbike'::244,'pedestrian'::31,'bicycle'::53,'car'::12])|
0.6374450325564938,29,11280,0.4,0.1,0.6,0.2,0.4,0.3,0.7,0.9,0.5,0.7,0,5,3,1,5,1,3,1,5,5,0.01,0.75,evacuation_point0;map(['motorbike'::822,'bicycle'::208,'pedestrian'::64])|evacuation_point1;map(['motorbike'::1787,'bicycle'::510,'pedestrian'::131,'car'::30])|evacuation_point2;map(['motorbike'::2624,'bicycle'::705,'pedestrian'::233,'car'::5])|evacuation_point3;map(['motorbike'::1502,'bicycle'::381,'pedestrian'::114,'car'::49])|evacuation_point4;map(['motorbike'::41,'bicycle'::12])|evacuation_point5;map(['motorbike'::651,'pedestrian'::67,'bicycle'::181,'car'::39])|
0.512215637943492,43,11280,0.0,0.7,0.1,0.9,0.8,0.1,0.5,0.7,0.6,0.4,4,5,4,2,5,5,2,1,5,4,0.01,0.75,evacuation_point0;map(['motorbike'::1288,'bicycle'::331,'pedestrian'::119,'car'::36])|evacuation_point1;map(['motorbike'::1828,'bicycle'::518,'pedestrian'::147,'car'::13])|evacuation_point2;map(['motorbike'::1979,'bicycle'::539,'pedestrian'::158])|evacuation_point3;map(['motorbike'::1156,'bicycle'::290,'pedestrian'::70,'car'::45])|evacuation_point4;map(['motorbike'::795,'bicycle'::209,'pedestrian'::80,'car'::29])|evacuation_point5;map(['motorbike'::381,'pedestrian'::35,'bicycle'::110])|
0.06132976526974587,26,11520,0.3,0.0,0.9,0.0,0.1,0.2,0.3,0.0,0.5,0.0,5,4,3,3,1,3,4,5,4,5,0.01,0.75,evacuation_point0;map(['motorbike'::2134,'bicycle'::588,'pedestrian'::155])|evacuation_point1;map(['motorbike'::1944,'bicycle'::484,'pedestrian'::164,'car'::13])|evacuation_point2;map(['motorbike'::2009,'bicycle'::542,'pedestrian'::166])|evacuation_point3;map(['motorbike'::828,'bicycle'::250,'pedestrian'::74,'car'::28])|evacuation_point4;map(['motorbike'::71,'bicycle'::19,'pedestrian'::10,'car'::51])|evacuation_point5;map(['motorbike'::441,'pedestrian'::40,'bicycle'::114,'car'::31])|
0.5122167417343901,35,11880,0.4,0.1,0.4,1.0,0.4,0.9,0.4,0.0,0.3,0.5,1,1,1,1,0,5,2,0,4,3,0.01,0.75,evacuation_point0;map(['motorbike'::1744,'pedestrian'::135,'bicycle'::418,'car'::25])|evacuation_point1;map(['motorbike'::1921,'bicycle'::546,'pedestrian'::166,'car'::44])|evacuation_point2;map(['motorbike'::2302,'bicycle'::679,'car'::26,'pedestrian'::212])|evacuation_point3;map(['motorbike'::955,'bicycle'::268,'pedestrian'::60,'car'::6])|evacuation_point4;map(['motorbike'::232,'bicycle'::14,'car'::12,'pedestrian'::9])|evacuation_point5;map(['motorbike'::273,'pedestrian'::27,'bicycle'::72,'car'::10])|
0.9169980397795435,41,12120,0.9,0.4,0.2,0.7,0.4,0.5,0.1,0.8,0.5,0.3,5,1,2,2,1,3,1,1,4,4,0.01,0.75,evacuation_point0;map(['motorbike'::2356,'car'::25,'bicycle'::620,'pedestrian'::202])|evacuation_point1;map(['motorbike'::1746,'bicycle'::476,'pedestrian'::144,'car'::65])|evacuation_point2;map(['motorbike'::2265,'bicycle'::617,'pedestrian'::192])|evacuation_point3;map(['motorbike'::645,'bicycle'::199,'pedestrian'::49,'car'::5])|evacuation_point4;map(['motorbike'::143,'bicycle'::17,'pedestrian'::5,'car'::22])|evacuation_point5;map(['motorbike'::272,'pedestrian'::17,'bicycle'::68,'car'::6])|
0.8304786428562337,40,12120,0.9,0.4,0.2,0.7,0.4,0.5,0.1,0.8,0.5,0.3,5,1,2,2,1,3,1,1,4,4,0.01,0.75,evacuation_point0;map(['motorbike'::2060,'bicycle'::595,'car'::25,'pedestrian'::196])|evacuation_point1;map(['motorbike'::1851,'bicycle'::497,'pedestrian'::143,'car'::65])|evacuation_point2;map(['motorbike'::2222,'bicycle'::586,'pedestrian'::167])|evacuation_point3;map(['motorbike'::925,'bicycle'::233,'pedestrian'::76,'car'::5])|evacuation_point4;map(['motorbike'::125,'bicycle'::18,'pedestrian'::6,'car'::22])|evacuation_point5;map(['motorbike'::244,'pedestrian'::21,'bicycle'::68,'car'::6])|
0.5210725234770069,28,12240,0.4,0.1,0.6,0.2,0.4,0.3,0.7,0.9,0.5,0.7,0,5,3,1,5,1,3,1,5,5,0.01,0.75,evacuation_point0;map(['motorbike'::1027,'bicycle'::266,'pedestrian'::82])|evacuation_point1;map(['motorbike'::1813,'bicycle'::516,'pedestrian'::131,'car'::30])|evacuation_point2;map(['motorbike'::2643,'bicycle'::687,'pedestrian'::216,'car'::5])|evacuation_point3;map(['motorbike'::1083,'bicycle'::292,'pedestrian'::105,'car'::49])|evacuation_point4;map(['motorbike'::38,'bicycle'::9,'pedestrian'::1])|evacuation_point5;map(['motorbike'::823,'pedestrian'::74,'bicycle'::227,'car'::39])|
0.24602679837595476,37,12240,0.1,0.2,1.0,0.4,0.8,0.7,0.0,0.1,0.7,0.2,2,0,1,5,5,5,2,1,5,4,0.01,0.75,evacuation_point0;map(['motorbike'::1664,'bicycle'::412,'pedestrian'::137,'car'::30])|evacuation_point1;map(['motorbike'::1961,'bicycle'::522,'pedestrian'::124,'car'::27])|evacuation_point2;map(['motorbike'::1959,'bicycle'::547,'pedestrian'::170,'car'::14])|evacuation_point3;map(['motorbike'::1393,'bicycle'::377,'pedestrian'::147,'car'::42])|evacuation_point4;map(['motorbike'::64,'bicycle'::14,'pedestrian'::2,'car'::10])|evacuation_point5;map(['motorbike'::386,'pedestrian'::29,'bicycle'::125])|
0.08899177412925718,34,12360,0.4,0.1,0.4,1.0,0.4,0.9,0.4,0.0,0.3,0.5,1,1,1,1,0,5,2,0,4,3,0.01,0.75,evacuation_point0;map(['motorbike'::1577,'pedestrian'::111,'bicycle'::441,'car'::25])|evacuation_point1;map(['motorbike'::2068,'bicycle'::543,'pedestrian'::191,'car'::44])|evacuation_point2;map(['motorbike'::2288,'bicycle'::660,'car'::26,'pedestrian'::207])|evacuation_point3;map(['motorbike'::952,'bicycle'::245,'pedestrian'::77,'car'::6])|evacuation_point4;map(['motorbike'::240,'bicycle'::14,'pedestrian'::6,'car'::12])|evacuation_point5;map(['motorbike'::302,'pedestrian'::17,'bicycle'::94,'car'::10])|
0.3901865816024216,30,12360,0.8,0.8,0.5,0.9,0.7,0.6,0.2,0.5,1.0,0.5,4,0,4,2,2,4,2,2,3,0,0.01,0.75,evacuation_point0;map(['motorbike'::2583,'bicycle'::675,'pedestrian'::202,'car'::62])|evacuation_point1;map(['motorbike'::1780,'bicycle'::458,'pedestrian'::173])|evacuation_point2;map(['motorbike'::1756,'bicycle'::465,'pedestrian'::121,'car'::24])|evacuation_point3;map(['motorbike'::988,'bicycle'::313,'pedestrian'::77])|evacuation_point4;map(['bicycle'::17,'motorbike'::96,'pedestrian'::5,'car'::25])|evacuation_point5;map(['motorbike'::224,'pedestrian'::31,'bicycle'::69,'car'::12])|
0.31878274272284146,31,12600,0.8,0.8,0.5,0.9,0.7,0.6,0.2,0.5,1.0,0.5,4,0,4,2,2,4,2,2,3,0,0.01,0.75,evacuation_point0;map(['motorbike'::2319,'bicycle'::672,'pedestrian'::175,'car'::62])|evacuation_point1;map(['motorbike'::1621,'bicycle'::423,'pedestrian'::164])|evacuation_point2;map(['motorbike'::1852,'bicycle'::503,'pedestrian'::133,'car'::24])|evacuation_point3;map(['motorbike'::1065,'bicycle'::241,'pedestrian'::57])|evacuation_point4;map(['motorbike'::123,'bicycle'::30,'pedestrian'::15,'car'::25])|evacuation_point5;map(['motorbike'::447,'pedestrian'::65,'bicycle'::128,'car'::12])|
0.32691243066939313,32,12840,0.9,0.4,0.2,0.7,0.4,0.5,0.1,0.8,0.5,0.3,5,1,2,2,1,3,1,1,4,4,0.01,0.75,evacuation_point0;map(['motorbike'::1890,'car'::25,'bicycle'::527,'pedestrian'::132])|evacuation_point1;map(['motorbike'::2103,'bicycle'::543,'pedestrian'::203,'car'::65])|evacuation_point2;map(['motorbike'::2273,'bicycle'::615,'pedestrian'::179])|evacuation_point3;map(['motorbike'::707,'bicycle'::188,'pedestrian'::55,'car'::5])|evacuation_point4;map(['motorbike'::208,'bicycle'::47,'pedestrian'::19,'car'::22])|evacuation_point5;map(['pedestrian'::21,'motorbike'::246,'bicycle'::77,'car'::6])|
0.3709548175613001,36,13560,0.1,0.2,1.0,0.4,0.8,0.7,0.0,0.1,0.7,0.2,2,0,1,5,5,5,2,1,5,4,0.01,0.75,evacuation_point0;map(['motorbike'::1667,'bicycle'::451,'pedestrian'::124,'car'::30])|evacuation_point1;map(['motorbike'::2078,'bicycle'::548,'pedestrian'::172,'car'::27])|evacuation_point2;map(['motorbike'::1878,'bicycle'::515,'pedestrian'::146,'car'::14])|evacuation_point3;map(['motorbike'::1477,'bicycle'::386,'pedestrian'::137,'car'::42])|evacuation_point4;map(['motorbike'::84,'bicycle'::12,'car'::10])|evacuation_point5;map(['motorbike'::243,'pedestrian'::30,'bicycle'::85])|
0.4123039446633441,27,13920,0.3,0.0,0.9,0.0,0.1,0.2,0.3,0.0,0.5,0.0,5,4,3,3,1,3,4,5,4,5,0.01,0.75,evacuation_point0;map(['motorbike'::1906,'bicycle'::531,'pedestrian'::174])|evacuation_point1;map(['motorbike'::2072,'bicycle'::527,'pedestrian'::158,'car'::13])|evacuation_point2;map(['motorbike'::1969,'bicycle'::544,'pedestrian'::165])|evacuation_point3;map(['motorbike'::753,'bicycle'::187,'pedestrian'::47,'car'::28])|evacuation_point4;map(['motorbike'::94,'bicycle'::32,'pedestrian'::11,'car'::51])|evacuation_point5;map(['motorbike'::633,'pedestrian'::54,'bicycle'::176,'car'::31])|
0.3605342276560368,65,9360,0.3,0.0,0.4,0.0,0.1,0.2,0.3,0.0,0.5,0.0,5,4,3,3,1,3,4,5,4,5,0.01,0.75,evacuation_point0;map(['motorbike'::2830,'bicycle'::732,'pedestrian'::211])|evacuation_point1;map(['bicycle'::489,'motorbike'::1609,'pedestrian'::158,'car'::13])|evacuation_point2;map(['motorbike'::1885,'bicycle'::493,'pedestrian'::147])|evacuation_point3;map(['motorbike'::496,'bicycle'::129,'pedestrian'::43,'car'::28])|evacuation_point4;map(['motorbike'::28,'bicycle'::8,'pedestrian'::2,'car'::51])|evacuation_point5;map(['motorbike'::579,'pedestrian'::48,'bicycle'::146,'car'::31])|
0.7522593153921571,47,11520,0.1,0.2,1.0,0.4,0.8,0.7,0.0,0.1,0.7,0.2,2,0,1,5,2,0,4,1,3,1,0.01,0.75,evacuation_point0;map(['motorbike'::1677,'bicycle'::475,'pedestrian'::162,'car'::18])|evacuation_point1;map(['motorbike'::1972,'bicycle'::505,'pedestrian'::153,'car'::37])|evacuation_point2;map(['motorbike'::2266,'bicycle'::629,'pedestrian'::180,'car'::20])|evacuation_point3;map(['motorbike'::966,'bicycle'::250,'pedestrian'::79,'car'::11])|evacuation_point4;map(['motorbike'::250,'bicycle'::65,'pedestrian'::16,'car'::25])|evacuation_point5;map(['motorbike'::296,'pedestrian'::19,'bicycle'::73,'car'::12])|
0.28517323263277405,52,11400,0.3,0.0,0.9,0.0,0.1,0.2,0.3,0.0,0.5,0.0,2,0,1,5,5,5,2,1,5,4,0.01,0.75,evacuation_point0;map(['motorbike'::1506,'bicycle'::361,'pedestrian'::124,'car'::30])|evacuation_point1;map(['motorbike'::1863,'bicycle'::562,'pedestrian'::142,'car'::27])|evacuation_point2;map(['motorbike'::2776,'bicycle'::725,'pedestrian'::235,'car'::14])|evacuation_point3;map(['motorbike'::869,'bicycle'::226,'pedestrian'::79,'car'::42])|evacuation_point4;map(['motorbike'::44,'bicycle'::9,'pedestrian'::3,'car'::10])|evacuation_point5;map(['pedestrian'::26,'motorbike'::369,'bicycle'::114])|
0.5015175476236192,49,11880,0.4,0.1,0.4,1.0,0.4,0.9,0.4,0.0,0.3,0.5,1,1,1,1,5,1,3,1,5,5,0.01,0.75,evacuation_point0;map(['motorbike'::1771,'bicycle'::506,'pedestrian'::150])|evacuation_point1;map(['motorbike'::1983,'bicycle'::561,'pedestrian'::162,'car'::63])|evacuation_point2;map(['motorbike'::1726,'bicycle'::453,'pedestrian'::151])|evacuation_point3;map(['motorbike'::1480,'bicycle'::330,'pedestrian'::109,'car'::35])|evacuation_point4;map(['motorbike'::41,'bicycle'::15])|evacuation_point5;map(['motorbike'::426,'pedestrian'::37,'bicycle'::132,'car'::25])|
0.8090354913508837,50,12000,0.1,0.2,1.0,0.4,0.8,0.7,0.0,0.1,0.7,0.2,5,4,3,3,1,3,4,5,4,5,0.01,0.75,evacuation_point0;map(['motorbike'::1438,'bicycle'::408,'pedestrian'::141])|evacuation_point1;map(['motorbike'::1978,'bicycle'::517,'pedestrian'::165,'car'::13])|evacuation_point2;map(['motorbike'::1590,'bicycle'::425,'pedestrian'::118])|evacuation_point3;map(['motorbike'::1278,'bicycle'::349,'pedestrian'::116,'car'::28])|evacuation_point4;map(['motorbike'::414,'bicycle'::108,'pedestrian'::25,'car'::51])|evacuation_point5;map(['motorbike'::729,'bicycle'::190,'car'::31,'pedestrian'::44])|
0.827759691982208,53,12000,0.3,0.0,0.9,0.0,0.1,0.2,0.3,0.0,0.5,0.0,2,0,1,5,5,5,2,1,5,4,0.01,0.75,evacuation_point0;map(['motorbike'::1704,'bicycle'::392,'pedestrian'::145,'car'::30])|evacuation_point1;map(['motorbike'::1829,'bicycle'::559,'pedestrian'::135,'car'::27])|evacuation_point2;map(['motorbike'::2400,'bicycle'::624,'pedestrian'::199,'car'::14])|evacuation_point3;map(['motorbike'::986,'bicycle'::291,'pedestrian'::92,'car'::42])|evacuation_point4;map(['motorbike'::47,'bicycle'::15,'car'::10])|evacuation_point5;map(['motorbike'::461,'pedestrian'::38,'bicycle'::116])|
0.47185194517823115,44,12960,0.9,0.1,0.9,0.5,0.2,0.5,0.9,0.2,0.1,0.0,5,4,3,3,1,3,4,5,4,5,0.01,0.75,evacuation_point0;map(['motorbike'::1681,'bicycle'::490,'pedestrian'::134])|evacuation_point1;map(['motorbike'::2220,'bicycle'::590,'pedestrian'::195,'car'::13])|evacuation_point2;map(['motorbike'::1158,'bicycle'::317,'pedestrian'::90])|evacuation_point3;map(['motorbike'::1580,'bicycle'::394,'car'::28,'pedestrian'::119])|evacuation_point4;map(['motorbike'::279,'bicycle'::73,'pedestrian'::23,'car'::51])|evacuation_point5;map(['motorbike'::509,'pedestrian'::48,'bicycle'::133,'car'::31])|
0.8005750338160982,59,11760,0.9,0.4,0.2,0.7,0.4,0.5,0.1,0.8,0.5,0.6,5,1,2,2,1,3,1,1,4,4,0.01,0.75,evacuation_point0;map(['motorbike'::1964,'car'::25,'bicycle'::531,'pedestrian'::159])|evacuation_point1;map(['motorbike'::1957,'bicycle'::513,'pedestrian'::180,'car'::65])|evacuation_point2;map(['motorbike'::2271,'bicycle'::609,'pedestrian'::180])|evacuation_point3;map(['motorbike'::928,'bicycle'::275,'pedestrian'::66,'car'::5])|evacuation_point4;map(['motorbike'::25,'bicycle'::8,'pedestrian'::3,'car'::22])|evacuation_point5;map(['pedestrian'::21,'motorbike'::282,'bicycle'::61,'car'::6])|
0.6389025208493211,56,12360,0.4,0.1,0.6,0.2,0.4,0.3,0.7,0.9,0.5,0.7,0,5,3,1,0,5,2,0,4,3,0.01,0.75,evacuation_point0;map(['bicycle'::376,'motorbike'::1430,'pedestrian'::136,'car'::25])|evacuation_point1;map(['motorbike'::1638,'bicycle'::414,'pedestrian'::144,'car'::11])|evacuation_point2;map(['motorbike'::2678,'bicycle'::740,'pedestrian'::209,'car'::31])|evacuation_point3;map(['motorbike'::1328,'bicycle'::383,'pedestrian'::93,'car'::20])|evacuation_point4;map(['bicycle'::6,'motorbike'::23,'pedestrian'::2,'car'::12])|evacuation_point5;map(['motorbike'::330,'pedestrian'::25,'bicycle'::78,'car'::24])|
0.8995720573053024,58,11880,0.9,0.4,0.2,0.7,0.4,0.5,0.1,0.8,0.5,0.6,5,1,2,2,1,3,1,1,4,4,0.01,0.75,evacuation_point0;map(['motorbike'::2294,'car'::25,'bicycle'::613,'pedestrian'::197])|evacuation_point1;map(['motorbike'::1890,'bicycle'::497,'pedestrian'::166,'car'::65])|evacuation_point2;map(['motorbike'::1987,'bicycle'::557,'pedestrian'::167])|evacuation_point3;map(['motorbike'::968,'bicycle'::252,'pedestrian'::64,'car'::5])|evacuation_point4;map(['motorbike'::48,'bicycle'::6,'pedestrian'::3,'car'::22])|evacuation_point5;map(['motorbike'::240,'pedestrian'::12,'bicycle'::72,'car'::6])|
0.08448621830714742,63,11640,0.4,0.1,0.4,1.0,0.4,0.9,0.4,0.0,0.3,0.5,1,1,1,1,0,5,2,0,2,3,0.01,0.75,evacuation_point0;map(['motorbike'::2240,'bicycle'::549,'pedestrian'::152,'car'::37])|evacuation_point1;map(['motorbike'::1898,'bicycle'::518,'pedestrian'::157,'car'::44])|evacuation_point2;map(['motorbike'::2073,'bicycle'::609,'car'::26,'pedestrian'::196])|evacuation_point3;map(['motorbike'::871,'bicycle'::248,'pedestrian'::78,'car'::6])|evacuation_point4;map(['motorbike'::14,'bicycle'::4,'pedestrian'::1])|evacuation_point5;map(['motorbike'::331,'pedestrian'::25,'bicycle'::69,'car'::10])|
0.7418228731878322,48,13200,0.4,0.1,0.4,1.0,0.4,0.9,0.4,0.0,0.3,0.5,1,1,1,1,5,1,3,1,5,5,0.01,0.75,evacuation_point0;map(['motorbike'::1681,'bicycle'::441,'pedestrian'::140])|evacuation_point1;map(['motorbike'::2004,'bicycle'::564,'pedestrian'::185,'car'::63])|evacuation_point2;map(['motorbike'::1799,'bicycle'::499,'pedestrian'::158])|evacuation_point3;map(['motorbike'::1485,'bicycle'::367,'pedestrian'::87,'car'::35])|evacuation_point4;map(['motorbike'::39,'bicycle'::10])|evacuation_point5;map(['motorbike'::419,'pedestrian'::39,'bicycle'::116,'car'::25])|
0.7212601756009811,64,11640,0.3,0.0,0.4,0.0,0.1,0.2,0.3,0.0,0.5,0.0,5,4,3,3,1,3,4,5,4,5,0.01,0.75,evacuation_point0;map(['motorbike'::2553,'bicycle'::705,'pedestrian'::190])|evacuation_point1;map(['bicycle'::420,'motorbike'::1663,'pedestrian'::148,'car'::13])|evacuation_point2;map(['motorbike'::1848,'bicycle'::493,'pedestrian'::147])|evacuation_point3;map(['motorbike'::951,'bicycle'::269,'pedestrian'::87,'car'::28])|evacuation_point4;map(['motorbike'::87,'bicycle'::28,'car'::51,'pedestrian'::8])|evacuation_point5;map(['pedestrian'::29,'motorbike'::325,'bicycle'::82,'car'::31])|
0.39882124494364835,60,12120,0.4,0.1,0.4,0.2,0.4,0.3,0.7,0.9,0.5,0.7,0,5,3,1,0,5,2,0,4,3,0.01,0.75,evacuation_point0;map(['motorbike'::1305,'bicycle'::347,'pedestrian'::100,'car'::25])|evacuation_point1;map(['motorbike'::1889,'bicycle'::501,'pedestrian'::162,'car'::11])|evacuation_point2;map(['motorbike'::2692,'bicycle'::734,'pedestrian'::237,'car'::31])|evacuation_point3;map(['motorbike'::958,'bicycle'::248,'pedestrian'::69,'car'::20])|evacuation_point4;map(['bicycle'::3,'motorbike'::10,'pedestrian'::2,'car'::12])|evacuation_point5;map(['motorbike'::573,'pedestrian'::39,'bicycle'::164,'car'::24])|
0.22958894841231603,55,13080,0.8,0.8,0.5,0.9,0.7,0.6,0.2,0.5,1.0,0.5,4,0,4,2,2,4,2,2,3,0,0.01,0.75,evacuation_point0;map(['motorbike'::2473,'car'::62,'bicycle'::663,'pedestrian'::200])|evacuation_point1;map(['motorbike'::1731,'bicycle'::464,'pedestrian'::160])|evacuation_point2;map(['motorbike'::1874,'bicycle'::518,'pedestrian'::141,'car'::24])|evacuation_point3;map(['motorbike'::964,'bicycle'::260,'pedestrian'::58])|evacuation_point4;map(['motorbike'::42,'bicycle'::8,'car'::25,'pedestrian'::4])|evacuation_point5;map(['motorbike'::343,'pedestrian'::46,'bicycle'::84,'car'::12])|
0.9438208929162509,61,12240,0.4,0.1,0.4,0.2,0.4,0.3,0.7,0.9,0.5,0.7,0,5,3,1,0,5,2,0,4,3,0.01,0.75,evacuation_point0;map(['motorbike'::992,'bicycle'::286,'pedestrian'::74,'car'::25])|evacuation_point1;map(['motorbike'::1504,'bicycle'::360,'pedestrian'::121,'car'::11])|evacuation_point2;map(['motorbike'::3135,'bicycle'::839,'pedestrian'::260,'car'::31])|evacuation_point3;map(['motorbike'::1203,'bicycle'::352,'pedestrian'::118,'car'::20])|evacuation_point4;map(['motorbike'::14,'pedestrian'::2,'bicycle'::3,'car'::12])|evacuation_point5;map(['motorbike'::579,'pedestrian'::34,'bicycle'::157,'car'::24])|
0.40886310918904933,51,13320,0.1,0.2,1.0,0.4,0.8,0.7,0.0,0.1,0.7,0.2,5,4,3,3,1,3,4,5,4,5,0.01,0.75,evacuation_point0;map(['motorbike'::1377,'bicycle'::412,'pedestrian'::138])|evacuation_point1;map(['motorbike'::2001,'bicycle'::501,'pedestrian'::164,'car'::13])|evacuation_point2;map(['motorbike'::1625,'bicycle'::451,'pedestrian'::124])|evacuation_point3;map(['motorbike'::989,'bicycle'::301,'pedestrian'::112,'car'::28])|evacuation_point4;map(['motorbike'::456,'bicycle'::98,'pedestrian'::28,'car'::51])|evacuation_point5;map(['motorbike'::979,'car'::31,'bicycle'::234,'pedestrian'::43])|
0.031075346370587842,62,12240,0.4,0.1,0.4,1.0,0.4,0.9,0.4,0.0,0.3,0.5,1,1,1,1,0,5,2,0,2,3,0.01,0.75,evacuation_point0;map(['motorbike'::2195,'bicycle'::572,'pedestrian'::144,'car'::37])|evacuation_point1;map(['motorbike'::1979,'bicycle'::534,'pedestrian'::187,'car'::44])|evacuation_point2;map(['motorbike'::1989,'bicycle'::563,'car'::26,'pedestrian'::181])|evacuation_point3;map(['motorbike'::1038,'bicycle'::258,'pedestrian'::78,'car'::6])|evacuation_point4;map(['bicycle'::5,'motorbike'::2])|evacuation_point5;map(['motorbike'::224,'pedestrian'::19,'bicycle'::65,'car'::10])|
0.9027137893946077,54,13920,0.8,0.8,0.5,0.9,0.7,0.6,0.2,0.5,1.0,0.5,4,0,4,2,2,4,2,2,3,0,0.01,0.75,evacuation_point0;map(['motorbike'::2442,'bicycle'::667,'pedestrian'::197,'car'::62])|evacuation_point1;map(['motorbike'::1684,'bicycle'::494,'pedestrian'::174])|evacuation_point2;map(['motorbike'::1774,'bicycle'::457,'pedestrian'::104,'car'::24])|evacuation_point3;map(['motorbike'::1146,'bicycle'::286,'pedestrian'::96])|evacuation_point4;map(['motorbike'::176,'bicycle'::44,'pedestrian'::7,'car'::25])|evacuation_point5;map(['motorbike'::205,'pedestrian'::31,'bicycle'::49,'car'::12])|
0.1376590617430714,46,14280,0.1,0.2,1.0,0.4,0.8,0.7,0.0,0.1,0.7,0.2,2,0,1,5,2,0,4,1,3,1,0.01,0.75,evacuation_point0;map(['motorbike'::1083,'pedestrian'::106,'bicycle'::308,'car'::18])|evacuation_point1;map(['motorbike'::2243,'bicycle'::618,'pedestrian'::184,'car'::37])|evacuation_point2;map(['motorbike'::2485,'bicycle'::649,'pedestrian'::184,'car'::20])|evacuation_point3;map(['motorbike'::1113,'bicycle'::308,'pedestrian'::108,'car'::11])|evacuation_point4;map(['motorbike'::248,'bicycle'::60,'pedestrian'::10,'car'::25])|evacuation_point5;map(['motorbike'::255,'pedestrian'::17,'bicycle'::54,'car'::12])|
0.5770674045118577,67,11400,0.0,0.7,0.1,0.9,0.8,0.1,0.5,0.7,0.6,0.4,4,5,4,2,2,0,4,0,3,1,0.01,0.75,evacuation_point0;map(['motorbike'::1069,'bicycle'::292,'pedestrian'::105,'car'::24])|evacuation_point1;map(['motorbike'::1834,'bicycle'::479,'pedestrian'::134,'car'::10])|evacuation_point2;map(['motorbike'::2423,'bicycle'::645,'pedestrian'::204,'car'::19])|evacuation_point3;map(['motorbike'::886,'bicycle'::238,'pedestrian'::54,'car'::14])|evacuation_point4;map(['motorbike'::953,'bicycle'::264,'pedestrian'::76,'car'::44])|evacuation_point5;map(['motorbike'::262,'pedestrian'::36,'bicycle'::79,'car'::12])|
0.27749293695711985,57,13440,0.4,0.1,0.6,0.2,0.4,0.3,0.7,0.9,0.5,0.7,0,5,3,1,0,5,2,0,4,3,0.01,0.75,evacuation_point0;map(['motorbike'::723,'bicycle'::183,'pedestrian'::64,'car'::25])|evacuation_point1;map(['motorbike'::1693,'bicycle'::458,'pedestrian'::137,'car'::11])|evacuation_point2;map(['motorbike'::3006,'bicycle'::827,'pedestrian'::241,'car'::31])|evacuation_point3;map(['motorbike'::1515,'bicycle'::377,'pedestrian'::119,'car'::20])|evacuation_point4;map(['motorbike'::35,'bicycle'::6,'pedestrian'::2,'car'::12])|evacuation_point5;map(['motorbike'::455,'pedestrian'::46,'bicycle'::146,'car'::24])|
0.04129187461966355,66,12720,0.0,0.7,0.1,0.9,0.8,0.1,0.5,0.7,0.6,0.4,4,5,4,2,2,0,4,0,3,1,0.01,0.75,evacuation_point0;map(['motorbike'::943,'bicycle'::279,'pedestrian'::88,'car'::24])|evacuation_point1;map(['motorbike'::2008,'bicycle'::491,'pedestrian'::152,'car'::10])|evacuation_point2;map(['motorbike'::2545,'bicycle'::699,'pedestrian'::205,'car'::19])|evacuation_point3;map(['motorbike'::791,'pedestrian'::61,'bicycle'::221,'car'::14])|evacuation_point4;map(['motorbike'::909,'bicycle'::254,'pedestrian'::83,'car'::44])|evacuation_point5;map(['motorbike'::231,'pedestrian'::20,'bicycle'::53,'car'::12])|
0.9280081271774,45,18600,0.9,0.1,0.9,0.5,0.2,0.5,0.9,0.2,0.1,0.0,5,4,3,3,1,3,4,5,4,5,0.01,0.75,evacuation_point0;map(['motorbike'::2076,'bicycle'::502,'pedestrian'::204])|evacuation_point1;map(['motorbike'::2174,'bicycle'::610,'pedestrian'::172,'car'::13])|evacuation_point2;map(['motorbike'::1131,'bicycle'::335,'pedestrian'::93])|evacuation_point3;map(['motorbike'::1538,'bicycle'::417,'car'::28,'pedestrian'::83])|evacuation_point4;map(['bicycle'::50,'motorbike'::193,'pedestrian'::16,'car'::51])|evacuation_point5;map(['motorbike'::315,'pedestrian'::41,'bicycle'::83,'car'::31])|
0.20657195029085773,87,9360,0.9,0.4,0.2,0.7,0.4,0.5,0.1,0.8,0.5,0.6,3,4,5,2,4,2,0,2,3,0,0.01,0.75,evacuation_point0;map(['motorbike'::1243,'bicycle'::331,'pedestrian'::113,'car'::30])|evacuation_point1;map(['motorbike'::1549,'bicycle'::358,'pedestrian'::118])|evacuation_point2;map(['motorbike'::2242,'bicycle'::629,'car'::35,'pedestrian'::169])|evacuation_point3;map(['motorbike'::1454,'bicycle'::398,'car'::16,'pedestrian'::123])|evacuation_point4;map(['motorbike'::234,'bicycle'::74,'pedestrian'::23,'car'::24])|evacuation_point5;map(['motorbike'::705,'pedestrian'::63,'bicycle'::207,'car'::18])|
0.5938592946360955,69,9960,0.3,0.0,0.4,0.0,0.1,0.2,0.3,0.0,0.5,0.0,5,4,3,3,1,3,4,5,4,5,0.01,0.75,evacuation_point0;map(['motorbike'::2540,'bicycle'::721,'pedestrian'::224])|evacuation_point1;map(['motorbike'::1799,'pedestrian'::154,'bicycle'::468,'car'::13])|evacuation_point2;map(['motorbike'::1982,'bicycle'::509,'pedestrian'::154])|evacuation_point3;map(['motorbike'::782,'bicycle'::222,'pedestrian'::53,'car'::28])|evacuation_point4;map(['motorbike'::24,'bicycle'::7,'pedestrian'::1,'car'::51])|evacuation_point5;map(['motorbike'::300,'pedestrian'::23,'bicycle'::70,'car'::31])|
0.32584904568077055,70,10320,0.3,0.0,0.9,0.0,0.1,0.2,0.3,0.0,0.5,0.8,2,4,2,5,2,3,0,0,5,5,0.01,0.75,evacuation_point0;map(['motorbike'::2135,'bicycle'::552,'pedestrian'::165,'car'::32])|evacuation_point1;map(['motorbike'::1717,'bicycle'::494,'pedestrian'::161])|evacuation_point2;map(['motorbike'::2208,'bicycle'::605,'car'::38,'pedestrian'::174])|evacuation_point3;map(['motorbike'::1107,'bicycle'::288,'pedestrian'::87,'car'::33])|evacuation_point4;map(['motorbike'::29,'bicycle'::8,'car'::14,'pedestrian'::1])|evacuation_point5;map(['motorbike'::231,'pedestrian'::21,'bicycle'::50,'car'::6])|
0.37098182684978154,73,10320,0.9,0.1,0.9,0.5,0.2,0.5,0.9,0.2,0.1,0.8,2,4,2,5,2,3,0,0,5,5,0.01,0.75,evacuation_point0;map(['motorbike'::1717,'bicycle'::467,'pedestrian'::160,'car'::32])|evacuation_point1;map(['motorbike'::1700,'bicycle'::477,'pedestrian'::146])|evacuation_point2;map(['motorbike'::2376,'bicycle'::647,'pedestrian'::175,'car'::38])|evacuation_point3;map(['motorbike'::1176,'bicycle'::264,'pedestrian'::87,'car'::33])|evacuation_point4;map(['motorbike'::179,'bicycle'::63,'pedestrian'::18,'car'::14])|evacuation_point5;map(['motorbike'::279,'pedestrian'::23,'bicycle'::79,'car'::6])|
0.46733495014802473,86,10560,0.9,0.4,0.2,0.7,0.4,0.5,0.1,0.8,0.5,0.6,3,4,5,2,4,2,0,2,3,0,0.01,0.75,evacuation_point0;map(['motorbike'::1192,'bicycle'::318,'pedestrian'::106,'car'::30])|evacuation_point1;map(['motorbike'::1542,'bicycle'::416,'pedestrian'::140])|evacuation_point2;map(['motorbike'::2300,'bicycle'::621,'pedestrian'::171,'car'::35])|evacuation_point3;map(['motorbike'::1361,'bicycle'::385,'car'::16,'pedestrian'::80])|evacuation_point4;map(['motorbike'::215,'bicycle'::61,'pedestrian'::23,'car'::24])|evacuation_point5;map(['motorbike'::817,'pedestrian'::89,'bicycle'::196,'car'::18])|
0.06964663290396678,75,10920,0.7,0.1,0.1,0.9,0.4,0.5,0.2,0.3,0.1,0.6,3,4,5,2,4,2,0,2,3,0,0.01,0.75,evacuation_point0;map(['motorbike'::1548,'bicycle'::424,'pedestrian'::113,'car'::30])|evacuation_point1;map(['motorbike'::1453,'bicycle'::382,'pedestrian'::121])|evacuation_point2;map(['motorbike'::2161,'bicycle'::565,'pedestrian'::170,'car'::35])|evacuation_point3;map(['motorbike'::1301,'car'::16,'bicycle'::345,'pedestrian'::85])|evacuation_point4;map(['motorbike'::338,'bicycle'::98,'pedestrian'::48,'car'::24])|evacuation_point5;map(['motorbike'::626,'pedestrian'::72,'bicycle'::183,'car'::18])|
0.33659690366050476,74,10920,0.7,0.1,0.1,0.9,0.4,0.5,0.2,0.3,0.1,0.6,3,4,5,2,4,2,0,2,3,0,0.01,0.75,evacuation_point0;map(['motorbike'::1725,'bicycle'::423,'pedestrian'::107,'car'::30])|evacuation_point1;map(['motorbike'::1568,'bicycle'::361,'pedestrian'::120])|evacuation_point2;map(['motorbike'::2014,'bicycle'::584,'pedestrian'::176,'car'::35])|evacuation_point3;map(['motorbike'::1150,'bicycle'::327,'pedestrian'::89,'car'::16])|evacuation_point4;map(['motorbike'::322,'bicycle'::102,'pedestrian'::46,'car'::24])|evacuation_point5;map(['motorbike'::648,'pedestrian'::71,'bicycle'::200,'car'::18])|
0.40895629959891244,76,11040,0.0,0.7,0.1,0.9,0.8,0.1,0.5,0.7,0.6,0.4,4,5,4,2,2,0,4,1,3,1,0.01,0.75,evacuation_point0;map(['motorbike'::1207,'pedestrian'::107,'bicycle'::362,'car'::24])|evacuation_point1;map(['motorbike'::1863,'bicycle'::470,'pedestrian'::149,'car'::23])|evacuation_point2;map(['motorbike'::2181,'bicycle'::574,'pedestrian'::162,'car'::6])|evacuation_point3;map(['motorbike'::762,'pedestrian'::70,'bicycle'::209,'car'::14])|evacuation_point4;map(['motorbike'::1060,'bicycle'::292,'pedestrian'::77,'car'::44])|evacuation_point5;map(['motorbike'::354,'pedestrian'::44,'bicycle'::90,'car'::12])|
0.9471714090663013,79,11040,0.0,0.7,0.1,0.9,0.8,0.1,0.5,0.7,0.6,0.4,4,5,4,2,5,5,2,1,5,4,0.01,0.75,evacuation_point0;map(['pedestrian'::158,'motorbike'::1787,'bicycle'::527,'car'::36])|evacuation_point1;map(['motorbike'::1800,'bicycle'::441,'pedestrian'::115,'car'::13])|evacuation_point2;map(['motorbike'::1521,'bicycle'::403,'pedestrian'::142])|evacuation_point3;map(['motorbike'::1021,'pedestrian'::92,'bicycle'::259,'car'::45])|evacuation_point4;map(['motorbike'::969,'bicycle'::279,'pedestrian'::74,'car'::29])|evacuation_point5;map(['motorbike'::329,'pedestrian'::28,'bicycle'::88])|
0.23873754052537244,80,11160,0.3,0.0,0.9,0.0,0.1,0.2,0.3,0.0,0.5,0.0,2,0,1,5,5,5,2,1,5,4,0.01,0.75,evacuation_point0;map(['motorbike'::2122,'pedestrian'::172,'bicycle'::534,'car'::30])|evacuation_point1;map(['motorbike'::1850,'bicycle'::530,'pedestrian'::170,'car'::27])|evacuation_point2;map(['motorbike'::2139,'bicycle'::563,'pedestrian'::161,'car'::14])|evacuation_point3;map(['motorbike'::942,'bicycle'::262,'pedestrian'::72,'car'::42])|evacuation_point4;map(['motorbike'::44,'bicycle'::16,'pedestrian'::1,'car'::10])|evacuation_point5;map(['motorbike'::330,'pedestrian'::33,'bicycle'::92])|
0.0146403089813254,78,11160,0.0,0.7,0.1,0.9,0.8,0.1,0.5,0.7,0.6,0.4,4,5,4,2,5,5,2,1,5,4,0.01,0.75,evacuation_point0;map(['motorbike'::1078,'pedestrian'::76,'bicycle'::297,'car'::36])|evacuation_point1;map(['motorbike'::1916,'bicycle'::484,'pedestrian'::156,'car'::13])|evacuation_point2;map(['motorbike'::1895,'bicycle'::525,'pedestrian'::144])|evacuation_point3;map(['motorbike'::1225,'bicycle'::347,'pedestrian'::114,'car'::45])|evacuation_point4;map(['motorbike'::934,'bicycle'::240,'pedestrian'::78,'car'::29])|evacuation_point5;map(['motorbike'::379,'pedestrian'::41,'bicycle'::104])|
0.8716542852308544,72,11280,0.9,0.1,0.9,0.5,0.2,0.5,0.9,0.2,0.1,0.8,2,4,2,5,2,3,0,0,5,5,0.01,0.75,evacuation_point0;map(['motorbike'::1950,'bicycle'::556,'pedestrian'::165,'car'::32])|evacuation_point1;map(['motorbike'::1866,'bicycle'::473,'pedestrian'::161])|evacuation_point2;map(['motorbike'::2148,'bicycle'::604,'pedestrian'::158,'car'::38])|evacuation_point3;map(['motorbike'::1004,'bicycle'::208,'pedestrian'::69,'car'::33])|evacuation_point4;map(['motorbike'::158,'bicycle'::55,'pedestrian'::19,'car'::14])|evacuation_point5;map(['motorbike'::301,'pedestrian'::37,'bicycle'::101,'car'::6])|
0.8822652373270335,71,11280,0.3,0.0,0.9,0.0,0.1,0.2,0.3,0.0,0.5,0.8,2,4,2,5,2,3,0,0,5,5,0.01,0.75,evacuation_point0;map(['motorbike'::2088,'bicycle'::545,'pedestrian'::163,'car'::32])|evacuation_point1;map(['motorbike'::1690,'bicycle'::478,'pedestrian'::173])|evacuation_point2;map(['motorbike'::2364,'bicycle'::640,'pedestrian'::156,'car'::38])|evacuation_point3;map(['motorbike'::984,'bicycle'::261,'pedestrian'::89,'car'::33])|evacuation_point4;map(['motorbike'::30,'bicycle'::7,'pedestrian'::2,'car'::14])|evacuation_point5;map(['motorbike'::271,'pedestrian'::26,'bicycle'::66,'car'::6])|
0.6374654772910576,77,11280,0.0,0.7,0.1,0.9,0.8,0.1,0.5,0.7,0.6,0.4,4,5,4,2,2,0,4,1,3,1,0.01,0.75,evacuation_point0;map(['motorbike'::1000,'pedestrian'::104,'bicycle'::315,'car'::24])|evacuation_point1;map(['motorbike'::1967,'bicycle'::504,'pedestrian'::137,'car'::23])|evacuation_point2;map(['motorbike'::2341,'bicycle'::616,'pedestrian'::196,'car'::6])|evacuation_point3;map(['motorbike'::797,'pedestrian'::59,'bicycle'::199,'car'::14])|evacuation_point4;map(['motorbike'::1045,'bicycle'::290,'pedestrian'::85,'car'::44])|evacuation_point5;map(['motorbike'::277,'pedestrian'::28,'bicycle'::73,'car'::12])|
0.3056871435969516,90,11400,0.4,0.1,0.6,0.2,0.4,0.3,0.7,0.9,0.5,0.7,0,5,3,1,2,0,4,1,3,1,0.01,0.75,evacuation_point0;map(['motorbike'::974,'bicycle'::286,'pedestrian'::104,'car'::13])|evacuation_point1;map(['motorbike'::1659,'bicycle'::438,'pedestrian'::125,'car'::34])|evacuation_point2;map(['motorbike'::2791,'bicycle'::743,'pedestrian'::225,'car'::11])|evacuation_point3;map(['motorbike'::1673,'bicycle'::440,'pedestrian'::124,'car'::14])|evacuation_point4;map(['motorbike'::127,'pedestrian'::13,'bicycle'::43,'car'::25])|evacuation_point5;map(['pedestrian'::18,'motorbike'::203,'bicycle'::47,'car'::26])|
0.05191680355469974,91,11400,0.4,0.1,0.6,0.2,0.4,0.3,0.7,0.9,0.5,0.7,0,5,3,1,2,0,4,1,3,1,0.01,0.75,evacuation_point0;map(['motorbike'::967,'bicycle'::277,'pedestrian'::82,'car'::13])|evacuation_point1;map(['motorbike'::1752,'bicycle'::459,'pedestrian'::146,'car'::34])|evacuation_point2;map(['motorbike'::2843,'bicycle'::757,'pedestrian'::216,'car'::11])|evacuation_point3;map(['motorbike'::1028,'bicycle'::282,'pedestrian'::85,'car'::14])|evacuation_point4;map(['motorbike'::22,'pedestrian'::6,'bicycle'::3,'car'::25])|evacuation_point5;map(['motorbike'::815,'pedestrian'::74,'bicycle'::219,'car'::26])|
0.8107180168223638,89,11640,0.7,0.1,0.1,0.9,0.4,0.5,0.2,0.3,0.1,0.8,2,4,2,5,2,3,0,0,5,5,0.01,0.75,evacuation_point0;map(['motorbike'::2158,'car'::32,'bicycle'::586,'pedestrian'::184])|evacuation_point1;map(['motorbike'::1747,'bicycle'::430,'pedestrian'::130])|evacuation_point2;map(['motorbike'::1899,'bicycle'::547,'pedestrian'::170,'car'::38])|evacuation_point3;map(['motorbike'::1136,'bicycle'::319,'pedestrian'::75,'car'::33])|evacuation_point4;map(['motorbike'::207,'bicycle'::64,'pedestrian'::31,'car'::14])|evacuation_point5;map(['motorbike'::280,'pedestrian'::19,'bicycle'::51,'car'::6])|
0.7485470570182339,84,11880,0.9,0.4,0.2,0.7,0.4,0.5,0.1,0.8,0.5,0.6,5,1,2,2,1,3,1,1,4,4,0.01,0.75,evacuation_point0;map(['motorbike'::1949,'car'::25,'bicycle'::547,'pedestrian'::174])|evacuation_point1;map(['motorbike'::1945,'bicycle'::533,'pedestrian'::165,'car'::65])|evacuation_point2;map(['motorbike'::2401,'bicycle'::633,'pedestrian'::196])|evacuation_point3;map(['motorbike'::799,'pedestrian'::52,'bicycle'::205,'car'::5])|evacuation_point4;map(['motorbike'::35,'pedestrian'::2,'bicycle'::6,'car'::22])|evacuation_point5;map(['pedestrian'::20,'motorbike'::298,'bicycle'::73,'car'::6])|
0.5028603358412471,82,11880,0.4,0.1,0.6,0.2,0.4,0.3,0.7,0.9,0.5,0.7,0,5,3,1,5,1,3,1,5,5,0.01,0.75,evacuation_point0;map(['motorbike'::1236,'bicycle'::330,'pedestrian'::78])|evacuation_point1;map(['motorbike'::1685,'bicycle'::455,'pedestrian'::141,'car'::30])|evacuation_point2;map(['motorbike'::2415,'bicycle'::663,'pedestrian'::206,'car'::5])|evacuation_point3;map(['motorbike'::1652,'bicycle'::431,'pedestrian'::128,'car'::49])|evacuation_point4;map(['motorbike'::37,'bicycle'::9,'pedestrian'::1])|evacuation_point5;map(['motorbike'::402,'pedestrian'::55,'bicycle'::109,'car'::39])|
0.842445766436095,88,12240,0.7,0.1,0.1,0.9,0.4,0.5,0.2,0.3,0.1,0.8,2,4,2,5,2,3,0,0,5,5,0.01,0.75,evacuation_point0;map(['motorbike'::2226,'car'::32,'bicycle'::615,'pedestrian'::172])|evacuation_point1;map(['motorbike'::1542,'bicycle'::394,'pedestrian'::132])|evacuation_point2;map(['motorbike'::2110,'bicycle'::588,'pedestrian'::177,'car'::38])|evacuation_point3;map(['motorbike'::1099,'bicycle'::256,'pedestrian'::79,'car'::33])|evacuation_point4;map(['motorbike'::175,'bicycle'::58,'pedestrian'::25,'car'::14])|evacuation_point5;map(['motorbike'::275,'pedestrian'::24,'bicycle'::86,'car'::6])|
0.5912449248494503,83,12360,0.4,0.1,0.6,0.2,0.4,0.3,0.7,0.9,0.5,0.7,0,5,3,1,5,1,3,1,5,5,0.01,0.75,evacuation_point0;map(['motorbike'::950,'bicycle'::229,'pedestrian'::55])|evacuation_point1;map(['motorbike'::1819,'bicycle'::544,'pedestrian'::163,'car'::30])|evacuation_point2;map(['motorbike'::2643,'bicycle'::677,'pedestrian'::211,'car'::5])|evacuation_point3;map(['motorbike'::1192,'bicycle'::326,'pedestrian'::104,'car'::49])|evacuation_point4;map(['motorbike'::38,'bicycle'::10])|evacuation_point5;map(['motorbike'::785,'pedestrian'::76,'bicycle'::211,'car'::39])|
0.8703461754387251,68,12360,0.3,0.0,0.4,0.0,0.1,0.2,0.3,0.0,0.5,0.0,5,4,3,3,1,3,4,5,4,5,0.01,0.75,evacuation_point0;map(['motorbike'::2545,'bicycle'::676,'pedestrian'::215])|evacuation_point1;map(['motorbike'::1613,'pedestrian'::120,'bicycle'::428,'car'::13])|evacuation_point2;map(['motorbike'::1933,'bicycle'::535,'pedestrian'::155])|evacuation_point3;map(['motorbike'::627,'bicycle'::156,'pedestrian'::57,'car'::28])|evacuation_point4;map(['motorbike'::23,'bicycle'::8,'car'::51,'pedestrian'::10])|evacuation_point5;map(['motorbike'::686,'pedestrian'::52,'bicycle'::194,'car'::31])|
0.6435036561813935,85,12360,0.9,0.4,0.2,0.7,0.4,0.5,0.1,0.8,0.5,0.6,5,1,2,2,1,3,1,1,4,4,0.01,0.75,evacuation_point0;map(['car'::25,'motorbike'::1956,'bicycle'::536,'pedestrian'::167])|evacuation_point1;map(['motorbike'::1956,'bicycle'::541,'pedestrian'::169,'car'::65])|evacuation_point2;map(['motorbike'::1901,'bicycle'::534,'pedestrian'::159])|evacuation_point3;map(['motorbike'::1115,'bicycle'::267,'pedestrian'::85,'car'::5])|evacuation_point4;map(['motorbike'::213,'bicycle'::34,'pedestrian'::4,'car'::22])|evacuation_point5;map(['pedestrian'::25,'motorbike'::286,'bicycle'::85,'car'::6])|
0.08798828303295547,81,12960,0.3,0.0,0.9,0.0,0.1,0.2,0.3,0.0,0.5,0.0,2,0,1,5,5,5,2,1,5,4,0.01,0.75,evacuation_point0;map(['motorbike'::1888,'bicycle'::456,'pedestrian'::135,'car'::30])|evacuation_point1;map(['motorbike'::1853,'bicycle'::519,'pedestrian'::169,'car'::27])|evacuation_point2;map(['motorbike'::2382,'bicycle'::672,'car'::14,'pedestrian'::183])|evacuation_point3;map(['motorbike'::837,'bicycle'::226,'pedestrian'::92,'car'::42])|evacuation_point4;map(['motorbike'::41,'bicycle'::9,'pedestrian'::3,'car'::10])|evacuation_point5;map(['motorbike'::426,'pedestrian'::27,'bicycle'::115])|
0.6140670620398804,92,11040,0.0,0.7,0.1,0.9,0.8,0.1,0.5,0.7,0.6,0.4,4,5,4,2,5,5,2,1,5,4,0.01,0.75,evacuation_point0;map(['motorbike'::1571,'bicycle'::436,'pedestrian'::120,'car'::36])|evacuation_point1;map(['motorbike'::1762,'bicycle'::449,'pedestrian'::131,'car'::13])|evacuation_point2;map(['motorbike'::1633,'bicycle'::455,'pedestrian'::150])|evacuation_point3;map(['motorbike'::1138,'bicycle'::301,'pedestrian'::90,'car'::45])|evacuation_point4;map(['motorbike'::962,'bicycle'::256,'pedestrian'::78,'car'::29])|evacuation_point5;map(['motorbike'::361,'pedestrian'::40,'bicycle'::100])|
0.25462721070063665,93,11040,0.0,0.7,0.1,0.9,0.8,0.1,0.5,0.7,0.6,0.4,4,5,4,2,5,5,2,1,5,4,0.01,0.75,evacuation_point0;map(['motorbike'::1305,'bicycle'::350,'pedestrian'::110,'car'::36])|evacuation_point1;map(['motorbike'::1898,'bicycle'::505,'pedestrian'::145,'car'::13])|evacuation_point2;map(['motorbike'::1782,'bicycle'::507,'pedestrian'::147])|evacuation_point3;map(['motorbike'::1072,'pedestrian'::83,'bicycle'::278,'car'::45])|evacuation_point4;map(['motorbike'::1015,'bicycle'::268,'pedestrian'::90,'car'::29])|evacuation_point5;map(['pedestrian'::34,'motorbike'::355,'bicycle'::89])|
0.9806889946743438,98,10800,0.3,0.0,0.9,0.0,0.1,0.2,0.3,0.0,0.5,0.6,3,4,5,2,4,2,0,2,3,0,0.01,0.75,evacuation_point0;map(['motorbike'::1365,'bicycle'::397,'pedestrian'::89,'car'::30])|evacuation_point1;map(['motorbike'::1373,'bicycle'::405,'pedestrian'::136])|evacuation_point2;map(['motorbike'::2075,'bicycle'::512,'pedestrian'::146,'car'::35])|evacuation_point3;map(['motorbike'::1325,'bicycle'::318,'pedestrian'::108,'car'::16])|evacuation_point4;map(['motorbike'::205,'bicycle'::58,'pedestrian'::26,'car'::24])|evacuation_point5;map(['motorbike'::1084,'pedestrian'::104,'bicycle'::307,'car'::18])|
0.5159156953220152,99,10800,0.3,0.0,0.9,0.0,0.1,0.2,0.3,0.0,0.5,0.6,3,4,5,2,4,2,0,2,3,0,0.01,0.75,evacuation_point0;map(['motorbike'::1284,'bicycle'::342,'car'::30,'pedestrian'::91])|evacuation_point1;map(['motorbike'::1575,'bicycle'::409,'pedestrian'::150])|evacuation_point2;map(['motorbike'::2017,'bicycle'::517,'pedestrian'::146,'car'::35])|evacuation_point3;map(['motorbike'::1362,'bicycle'::381,'pedestrian'::101,'car'::16])|evacuation_point4;map(['motorbike'::249,'bicycle'::59,'pedestrian'::22,'car'::24])|evacuation_point5;map(['pedestrian'::99,'motorbike'::940,'bicycle'::289,'car'::18])|
0.9238765046192496,101,11040,0.0,0.7,0.1,0.9,0.8,0.1,0.5,0.7,0.6,0.4,4,5,4,2,5,1,3,1,5,5,0.01,0.75,evacuation_point0;map(['motorbike'::1571,'bicycle'::415,'pedestrian'::141,'car'::11])|evacuation_point1;map(['motorbike'::1717,'bicycle'::484,'pedestrian'::152,'car'::19])|evacuation_point2;map(['motorbike'::1654,'bicycle'::456,'pedestrian'::139])|evacuation_point3;map(['motorbike'::1059,'bicycle'::252,'pedestrian'::73,'car'::49])|evacuation_point4;map(['motorbike'::695,'bicycle'::186,'pedestrian'::55,'car'::19])|evacuation_point5;map(['motorbike'::731,'bicycle'::204,'pedestrian'::49,'car'::25])|
0.03819432877001416,96,11760,0.9,0.4,0.2,0.7,0.4,0.5,0.1,0.8,0.5,0.6,5,1,2,2,2,3,0,0,5,5,0.01,0.75,evacuation_point0;map(['motorbike'::2173,'car'::38,'bicycle'::585,'pedestrian'::187])|evacuation_point1;map(['motorbike'::1816,'bicycle'::467,'pedestrian'::149,'car'::14])|evacuation_point2;map(['motorbike'::2267,'bicycle'::631,'car'::38,'pedestrian'::193])|evacuation_point3;map(['motorbike'::863,'bicycle'::215,'pedestrian'::56,'car'::27])|evacuation_point4;map(['motorbike'::14,'bicycle'::3,'pedestrian'::3])|evacuation_point5;map(['pedestrian'::21,'motorbike'::294,'bicycle'::96,'car'::6])|
0.10475809193627039,100,11640,0.0,0.7,0.1,0.9,0.8,0.1,0.5,0.7,0.6,0.4,4,5,4,2,5,1,3,1,5,5,0.01,0.75,evacuation_point0;map(['motorbike'::1284,'bicycle'::337,'pedestrian'::114,'car'::11])|evacuation_point1;map(['motorbike'::1802,'bicycle'::480,'pedestrian'::139,'car'::19])|evacuation_point2;map(['motorbike'::1736,'bicycle'::483,'pedestrian'::143])|evacuation_point3;map(['motorbike'::1287,'pedestrian'::94,'bicycle'::318,'car'::49])|evacuation_point4;map(['motorbike'::688,'bicycle'::190,'pedestrian'::68,'car'::19])|evacuation_point5;map(['motorbike'::630,'bicycle'::189,'pedestrian'::51,'car'::25])|
0.6774920111252734,97,11760,0.9,0.4,0.2,0.7,0.4,0.5,0.1,0.8,0.5,0.6,5,1,2,2,2,3,0,0,5,5,0.01,0.75,evacuation_point0;map(['motorbike'::2130,'car'::38,'bicycle'::572,'pedestrian'::194])|evacuation_point1;map(['motorbike'::1728,'bicycle'::434,'pedestrian'::141,'car'::14])|evacuation_point2;map(['motorbike'::2354,'bicycle'::657,'car'::38,'pedestrian'::189])|evacuation_point3;map(['motorbike'::966,'bicycle'::266,'pedestrian'::64,'car'::27])|evacuation_point4;map(['motorbike'::6,'bicycle'::3,'pedestrian'::1])|evacuation_point5;map(['pedestrian'::20,'motorbike'::243,'bicycle'::65,'car'::6])|
0.12387094086144268,110,10800,0.3,0.0,0.9,0.0,0.1,0.2,0.3,0.0,0.5,0.6,2,0,1,5,5,5,2,1,5,4,0.01,0.75,evacuation_point0;map(['motorbike'::1738,'bicycle'::469,'pedestrian'::141,'car'::30])|evacuation_point1;map(['motorbike'::1799,'bicycle'::491,'pedestrian'::148,'car'::27])|evacuation_point2;map(['motorbike'::1955,'bicycle'::557,'car'::14,'pedestrian'::171])|evacuation_point3;map(['motorbike'::1336,'bicycle'::315,'pedestrian'::113,'car'::42])|evacuation_point4;map(['motorbike'::220,'bicycle'::50,'pedestrian'::8,'car'::10])|evacuation_point5;map(['motorbike'::379,'pedestrian'::28,'bicycle'::115])|
0.02482206772679263,108,11040,0.7,0.1,0.4,0.9,0.4,0.5,0.2,0.3,0.1,0.6,3,4,5,2,4,2,0,2,3,0,0.01,0.75,evacuation_point0;map(['motorbike'::1731,'bicycle'::414,'pedestrian'::134,'car'::30])|evacuation_point1;map(['motorbike'::1477,'bicycle'::402,'pedestrian'::126])|evacuation_point2;map(['motorbike'::1946,'bicycle'::538,'pedestrian'::163,'car'::35])|evacuation_point3;map(['motorbike'::1067,'bicycle'::316,'pedestrian'::70,'car'::16])|evacuation_point4;map(['motorbike'::496,'bicycle'::150,'pedestrian'::56,'car'::24])|evacuation_point5;map(['motorbike'::710,'bicycle'::177,'pedestrian'::60,'car'::18])|
0.9947956546742727,109,11040,0.7,0.1,0.4,0.9,0.4,0.5,0.2,0.3,0.1,0.6,3,4,5,2,4,2,0,2,3,0,0.01,0.75,evacuation_point0;map(['motorbike'::1752,'bicycle'::464,'pedestrian'::137,'car'::30])|evacuation_point1;map(['motorbike'::1458,'bicycle'::393,'pedestrian'::113])|evacuation_point2;map(['motorbike'::2089,'bicycle'::550,'pedestrian'::177,'car'::35])|evacuation_point3;map(['motorbike'::987,'bicycle'::259,'pedestrian'::60,'car'::16])|evacuation_point4;map(['motorbike'::524,'bicycle'::160,'pedestrian'::56,'car'::24])|evacuation_point5;map(['motorbike'::617,'bicycle'::171,'pedestrian'::66,'car'::18])|
0.1901877419091651,106,11880,0.4,0.1,0.6,0.2,0.4,0.3,0.7,0.9,0.5,0.7,0,5,3,1,5,1,3,1,4,5,0.01,0.75,evacuation_point0;map(['motorbike'::577,'bicycle'::138,'pedestrian'::42])|evacuation_point1;map(['motorbike'::1875,'bicycle'::500,'pedestrian'::119,'car'::30])|evacuation_point2;map(['motorbike'::2732,'bicycle'::714,'pedestrian'::235,'car'::5])|evacuation_point3;map(['motorbike'::1331,'bicycle'::413,'pedestrian'::128,'car'::37])|evacuation_point4;map(['motorbike'::84,'bicycle'::24,'pedestrian'::8,'car'::12])|evacuation_point5;map(['motorbike'::828,'pedestrian'::77,'bicycle'::208,'car'::39])|
0.32023189447314493,95,13080,0.9,0.1,0.9,0.5,0.2,0.5,0.9,0.2,0.1,0.8,2,4,2,5,1,3,1,1,4,4,0.01,0.75,evacuation_point0;map(['motorbike'::2224,'pedestrian'::157,'bicycle'::583,'car'::19])|evacuation_point1;map(['motorbike'::2196,'bicycle'::618,'pedestrian'::180,'car'::51])|evacuation_point2;map(['motorbike'::1662,'bicycle'::445,'pedestrian'::126])|evacuation_point3;map(['motorbike'::758,'bicycle'::202,'pedestrian'::84,'car'::11])|evacuation_point4;map(['motorbike'::254,'bicycle'::69,'pedestrian'::23,'car'::36])|evacuation_point5;map(['motorbike'::333,'pedestrian'::39,'bicycle'::80,'car'::6])|
0.010961216049292233,114,11040,0.9,0.1,0.9,0.5,0.2,0.5,0.9,0.2,0.1,0.8,2,4,2,5,2,3,0,2,5,5,0.01,0.75,evacuation_point0;map(['motorbike'::2214,'bicycle'::591,'pedestrian'::202,'car'::45])|evacuation_point1;map(['motorbike'::1691,'bicycle'::464,'pedestrian'::142])|evacuation_point2;map(['motorbike'::1782,'bicycle'::503,'pedestrian'::131,'car'::25])|evacuation_point3;map(['motorbike'::1263,'bicycle'::289,'pedestrian'::84,'car'::33])|evacuation_point4;map(['motorbike'::163,'bicycle'::61,'pedestrian'::13,'car'::14])|evacuation_point5;map(['motorbike'::314,'pedestrian'::37,'bicycle'::89,'car'::6])|
0.7579839525855823,102,12360,0.3,0.0,0.9,0.0,0.1,0.2,0.3,0.0,0.5,0.0,2,0,1,5,5,5,2,1,5,4,0.01,0.75,evacuation_point0;map(['motorbike'::1098,'bicycle'::275,'pedestrian'::93,'car'::30])|evacuation_point1;map(['motorbike'::1871,'bicycle'::520,'pedestrian'::171,'car'::27])|evacuation_point2;map(['motorbike'::3068,'bicycle'::812,'pedestrian'::235,'car'::14])|evacuation_point3;map(['motorbike'::970,'bicycle'::277,'pedestrian'::76,'car'::42])|evacuation_point4;map(['motorbike'::55,'bicycle'::16,'pedestrian'::3,'car'::10])|evacuation_point5;map(['motorbike'::365,'pedestrian'::31,'bicycle'::97])|
0.7278387378367925,107,12240,0.4,0.1,0.6,0.2,0.4,0.3,0.7,0.9,0.5,0.7,0,5,3,1,5,1,3,1,4,5,0.01,0.75,evacuation_point0;map(['motorbike'::898,'bicycle'::249,'pedestrian'::76])|evacuation_point1;map(['motorbike'::1776,'bicycle'::502,'pedestrian'::143,'car'::30])|evacuation_point2;map(['motorbike'::2432,'bicycle'::624,'pedestrian'::187,'car'::5])|evacuation_point3;map(['motorbike'::1278,'bicycle'::310,'pedestrian'::105,'car'::37])|evacuation_point4;map(['motorbike'::198,'bicycle'::61,'pedestrian'::18,'car'::12])|evacuation_point5;map(['motorbike'::845,'pedestrian'::80,'bicycle'::251,'car'::39])|
0.7304947948400737,103,12600,0.3,0.0,0.9,0.0,0.1,0.2,0.3,0.0,0.5,0.0,2,0,1,5,5,5,2,1,5,4,0.01,0.75,evacuation_point0;map(['motorbike'::2250,'pedestrian'::166,'bicycle'::552,'car'::30])|evacuation_point1;map(['motorbike'::1841,'bicycle'::550,'pedestrian'::165,'car'::27])|evacuation_point2;map(['motorbike'::2193,'bicycle'::582,'pedestrian'::176,'car'::14])|evacuation_point3;map(['motorbike'::746,'bicycle'::209,'pedestrian'::61,'car'::42])|evacuation_point4;map(['motorbike'::55,'bicycle'::14,'pedestrian'::3,'car'::10])|evacuation_point5;map(['motorbike'::342,'pedestrian'::38,'bicycle'::90])|
0.9196531854610107,104,12840,0.7,0.1,0.1,0.9,0.4,0.5,0.2,0.3,0.1,0.6,5,1,2,2,1,3,1,1,4,4,0.01,0.75,evacuation_point0;map(['motorbike'::2191,'car'::25,'bicycle'::617,'pedestrian'::187])|evacuation_point1;map(['motorbike'::1858,'bicycle'::470,'pedestrian'::182,'car'::65])|evacuation_point2;map(['motorbike'::1871,'bicycle'::522,'pedestrian'::144])|evacuation_point3;map(['motorbike'::851,'bicycle'::224,'pedestrian'::41,'car'::5])|evacuation_point4;map(['motorbike'::381,'bicycle'::68,'pedestrian'::14,'car'::22])|evacuation_point5;map(['motorbike'::275,'pedestrian'::41,'bicycle'::96,'car'::6])|
0.3147972790475957,105,12840,0.7,0.1,0.1,0.9,0.4,0.5,0.2,0.3,0.1,0.6,5,1,2,2,1,3,1,1,4,4,0.01,0.75,evacuation_point0;map(['motorbike'::2498,'car'::25,'bicycle'::737,'pedestrian'::207])|evacuation_point1;map(['motorbike'::1701,'bicycle'::422,'pedestrian'::152,'car'::65])|evacuation_point2;map(['motorbike'::1696,'bicycle'::476,'pedestrian'::136])|evacuation_point3;map(['motorbike'::971,'bicycle'::254,'pedestrian'::79,'car'::5])|evacuation_point4;map(['motorbike'::284,'bicycle'::36,'car'::22,'pedestrian'::9])|evacuation_point5;map(['motorbike'::277,'pedestrian'::26,'bicycle'::72,'car'::6])|
0.3477862919154818,94,13920,0.9,0.1,0.9,0.5,0.2,0.5,0.9,0.2,0.1,0.8,2,4,2,5,1,3,1,1,4,4,0.01,0.75,evacuation_point0;map(['motorbike'::2310,'pedestrian'::192,'bicycle'::571,'car'::19])|evacuation_point1;map(['motorbike'::2157,'bicycle'::606,'pedestrian'::185,'car'::51])|evacuation_point2;map(['motorbike'::1604,'bicycle'::468,'pedestrian'::113])|evacuation_point3;map(['motorbike'::716,'bicycle'::177,'pedestrian'::59,'car'::11])|evacuation_point4;map(['motorbike'::243,'bicycle'::59,'pedestrian'::16,'car'::36])|evacuation_point5;map(['motorbike'::397,'pedestrian'::44,'bicycle'::116,'car'::6])|
0.7764848861451773,115,11520,0.9,0.1,0.9,0.5,0.2,0.5,0.9,0.2,0.1,0.8,2,4,2,5,2,3,0,2,5,5,0.01,0.75,evacuation_point0;map(['motorbike'::2398,'bicycle'::662,'pedestrian'::206,'car'::45])|evacuation_point1;map(['motorbike'::1758,'bicycle'::471,'pedestrian'::141])|evacuation_point2;map(['motorbike'::1519,'bicycle'::417,'pedestrian'::115,'car'::25])|evacuation_point3;map(['motorbike'::1233,'bicycle'::304,'pedestrian'::98,'car'::33])|evacuation_point4;map(['motorbike'::179,'bicycle'::56,'pedestrian'::19,'car'::14])|evacuation_point5;map(['motorbike'::340,'pedestrian'::30,'bicycle'::87,'car'::6])|
0.7073685852212417,112,12600,0.7,0.1,0.4,0.9,0.4,0.5,0.2,0.3,0.1,0.6,5,1,2,2,1,3,1,1,4,4,0.01,0.75,evacuation_point0;map(['motorbike'::2107,'bicycle'::573,'pedestrian'::174,'car'::25])|evacuation_point1;map(['motorbike'::1736,'bicycle'::521,'pedestrian'::156,'car'::65])|evacuation_point2;map(['motorbike'::1998,'bicycle'::535,'pedestrian'::178])|evacuation_point3;map(['motorbike'::938,'bicycle'::241,'pedestrian'::69,'car'::5])|evacuation_point4;map(['motorbike'::428,'bicycle'::57,'pedestrian'::7,'car'::22])|evacuation_point5;map(['motorbike'::220,'pedestrian'::25,'bicycle'::70,'car'::6])|
0.6627249660441902,111,13320,0.3,0.0,0.9,0.0,0.1,0.2,0.3,0.0,0.5,0.6,2,0,1,5,5,5,2,1,5,4,0.01,0.75,evacuation_point0;map(['motorbike'::2169,'bicycle'::554,'pedestrian'::156,'car'::30])|evacuation_point1;map(['motorbike'::2004,'bicycle'::583,'pedestrian'::188,'car'::27])|evacuation_point2;map(['motorbike'::1841,'bicycle'::486,'pedestrian'::168,'car'::14])|evacuation_point3;map(['motorbike'::1013,'bicycle'::268,'pedestrian'::69,'car'::42])|evacuation_point4;map(['motorbike'::41,'bicycle'::11,'car'::10])|evacuation_point5;map(['pedestrian'::28,'motorbike'::359,'bicycle'::95])|
0.21062198209575633,113,13320,0.7,0.1,0.4,0.9,0.4,0.5,0.2,0.3,0.1,0.6,5,1,2,2,1,3,1,1,4,4,0.01,0.75,evacuation_point0;map(['motorbike'::2118,'bicycle'::591,'pedestrian'::182,'car'::25])|evacuation_point1;map(['motorbike'::1842,'bicycle'::497,'pedestrian'::139,'car'::65])|evacuation_point2;map(['motorbike'::1888,'bicycle'::543,'pedestrian'::182])|evacuation_point3;map(['motorbike'::921,'bicycle'::246,'pedestrian'::69,'car'::5])|evacuation_point4;map(['motorbike'::400,'bicycle'::49,'pedestrian'::10,'car'::22])|evacuation_point5;map(['pedestrian'::27,'motorbike'::258,'bicycle'::71,'car'::6])|
0.1132518058133063,130,9720,0.3,0.0,0.4,0.0,0.1,0.2,0.3,0.0,0.5,0.0,5,4,3,3,1,3,4,5,4,5,0.01,0.75,evacuation_point0;map(['motorbike'::2579,'bicycle'::686,'pedestrian'::195])|evacuation_point1;map(['motorbike'::1659,'bicycle'::464,'pedestrian'::154,'car'::13])|evacuation_point2;map(['motorbike'::1972,'bicycle'::533,'pedestrian'::165])|evacuation_point3;map(['motorbike'::692,'bicycle'::180,'pedestrian'::44,'car'::28])|evacuation_point4;map(['motorbike'::30,'bicycle'::11,'pedestrian'::3,'car'::51])|evacuation_point5;map(['pedestrian'::48,'motorbike'::495,'bicycle'::123,'car'::31])|
0.6290245862489326,116,10080,0.9,0.4,0.2,0.7,0.4,0.5,0.1,0.8,0.5,0.6,3,4,5,2,4,2,0,2,3,0,0.01,0.75,evacuation_point0;map(['motorbike'::1023,'bicycle'::301,'pedestrian'::119,'car'::30])|evacuation_point1;map(['motorbike'::1531,'bicycle'::393,'pedestrian'::119])|evacuation_point2;map(['motorbike'::2422,'bicycle'::645,'car'::35,'pedestrian'::171])|evacuation_point3;map(['motorbike'::1460,'bicycle'::395,'car'::16,'pedestrian'::101])|evacuation_point4;map(['motorbike'::244,'bicycle'::78,'pedestrian'::25,'car'::24])|evacuation_point5;map(['motorbike'::747,'pedestrian'::74,'bicycle'::185,'car'::18])|
0.6756301365837447,117,10080,0.9,0.4,0.2,0.7,0.4,0.5,0.1,0.8,0.5,0.6,3,4,5,2,4,2,0,2,3,0,0.01,0.75,evacuation_point0;map(['motorbike'::1088,'bicycle'::289,'pedestrian'::88,'car'::30])|evacuation_point1;map(['motorbike'::1553,'pedestrian'::113,'bicycle'::362])|evacuation_point2;map(['motorbike'::2224,'bicycle'::643,'car'::35,'pedestrian'::192])|evacuation_point3;map(['motorbike'::1404,'bicycle'::386,'pedestrian'::97,'car'::16])|evacuation_point4;map(['motorbike'::240,'bicycle'::78,'pedestrian'::29,'car'::24])|evacuation_point5;map(['motorbike'::918,'pedestrian'::90,'bicycle'::239,'car'::18])|
0.1630445022855097,138,10080,0.0,0.7,0.1,0.9,0.8,0.1,0.5,0.7,0.6,0.4,3,4,5,2,4,2,0,2,3,0,0.01,0.75,evacuation_point0;map(['motorbike'::1048,'bicycle'::298,'pedestrian'::76,'car'::30])|evacuation_point1;map(['motorbike'::1673,'bicycle'::434,'pedestrian'::141])|evacuation_point2;map(['pedestrian'::196,'motorbike'::2494,'bicycle'::679,'car'::35])|evacuation_point3;map(['motorbike'::1251,'bicycle'::358,'car'::16,'pedestrian'::111])|evacuation_point4;map(['motorbike'::230,'bicycle'::64,'pedestrian'::26,'car'::24])|evacuation_point5;map(['motorbike'::731,'bicycle'::164,'pedestrian'::59,'car'::18])|
0.7430526891045943,118,10440,0.3,0.0,0.9,0.0,0.1,0.2,0.3,0.0,0.5,0.8,2,4,2,5,2,3,0,0,5,5,0.01,0.75,evacuation_point0;map(['motorbike'::1864,'bicycle'::523,'pedestrian'::158,'car'::32])|evacuation_point1;map(['motorbike'::1599,'bicycle'::433,'pedestrian'::147])|evacuation_point2;map(['motorbike'::2158,'bicycle'::570,'car'::38,'pedestrian'::163])|evacuation_point3;map(['motorbike'::1492,'bicycle'::395,'pedestrian'::116,'car'::33])|evacuation_point4;map(['motorbike'::46,'bicycle'::15,'pedestrian'::2,'car'::14])|evacuation_point5;map(['motorbike'::268,'pedestrian'::23,'bicycle'::61,'car'::6])|
0.9968624711749124,119,10680,0.3,0.0,0.9,0.0,0.1,0.2,0.3,0.0,0.5,0.8,2,4,2,5,2,3,0,0,5,5,0.01,0.75,evacuation_point0;map(['motorbike'::1927,'pedestrian'::146,'bicycle'::457,'car'::32])|evacuation_point1;map(['motorbike'::1514,'bicycle'::430,'pedestrian'::136])|evacuation_point2;map(['motorbike'::2348,'bicycle'::632,'car'::38,'pedestrian'::179])|evacuation_point3;map(['motorbike'::1385,'bicycle'::387,'pedestrian'::122,'car'::33])|evacuation_point4;map(['motorbike'::38,'bicycle'::7,'pedestrian'::2,'car'::14])|evacuation_point5;map(['motorbike'::215,'pedestrian'::24,'bicycle'::84,'car'::6])|
0.7410883047179221,123,10800,0.3,0.0,0.9,0.0,0.1,0.2,0.3,0.0,0.5,0.6,3,4,5,2,4,2,0,2,3,0,0.01,0.75,evacuation_point0;map(['motorbike'::1313,'pedestrian'::100,'bicycle'::352,'car'::30])|evacuation_point1;map(['motorbike'::1561,'bicycle'::412,'pedestrian'::138])|evacuation_point2;map(['motorbike'::2021,'bicycle'::524,'pedestrian'::140,'car'::35])|evacuation_point3;map(['motorbike'::1275,'bicycle'::370,'pedestrian'::100,'car'::16])|evacuation_point4;map(['motorbike'::223,'bicycle'::63,'pedestrian'::22,'car'::24])|evacuation_point5;map(['motorbike'::1034,'pedestrian'::109,'bicycle'::276,'car'::18])|
0.21883355979657804,122,10800,0.3,0.0,0.9,0.0,0.1,0.2,0.3,0.0,0.5,0.6,3,4,5,2,4,2,0,2,3,0,0.01,0.75,evacuation_point0;map(['motorbike'::1447,'pedestrian'::112,'bicycle'::403,'car'::30])|evacuation_point1;map(['motorbike'::1463,'bicycle'::366,'pedestrian'::137])|evacuation_point2;map(['motorbike'::2068,'bicycle'::547,'pedestrian'::155,'car'::35])|evacuation_point3;map(['motorbike'::1108,'bicycle'::298,'pedestrian'::74,'car'::16])|evacuation_point4;map(['motorbike'::241,'bicycle'::80,'pedestrian'::23,'car'::24])|evacuation_point5;map(['motorbike'::1100,'pedestrian'::108,'bicycle'::303,'car'::18])|
0.4203086216561627,137,10800,0.3,0.0,0.9,0.0,0.1,0.2,0.3,0.0,0.5,0.8,2,4,2,5,2,3,0,0,5,5,0.01,0.75,evacuation_point0;map(['motorbike'::1896,'bicycle'::526,'pedestrian'::169,'car'::32])|evacuation_point1;map(['motorbike'::1826,'bicycle'::507,'pedestrian'::138])|evacuation_point2;map(['motorbike'::2128,'bicycle'::568,'car'::38,'pedestrian'::161])|evacuation_point3;map(['motorbike'::1212,'bicycle'::304,'pedestrian'::97,'car'::33])|evacuation_point4;map(['motorbike'::41,'bicycle'::9,'pedestrian'::3,'car'::14])|evacuation_point5;map(['motorbike'::324,'pedestrian'::41,'bicycle'::83,'car'::6])|
0.9034044836494252,127,10920,0.7,0.1,0.4,0.9,0.4,0.5,0.2,0.3,0.1,0.6,3,4,5,2,4,2,0,2,3,0,0.01,0.75,evacuation_point0;map(['motorbike'::1927,'pedestrian'::140,'bicycle'::532,'car'::30])|evacuation_point1;map(['motorbike'::1520,'bicycle'::376,'pedestrian'::114])|evacuation_point2;map(['motorbike'::1881,'bicycle'::519,'pedestrian'::164,'car'::35])|evacuation_point3;map(['motorbike'::1028,'bicycle'::249,'pedestrian'::66,'car'::16])|evacuation_point4;map(['motorbike'::489,'bicycle'::144,'pedestrian'::61,'car'::24])|evacuation_point5;map(['motorbike'::582,'bicycle'::177,'pedestrian'::64,'car'::18])|
0.5104975948713203,125,10920,0.7,0.1,0.1,0.9,0.4,0.5,0.2,0.3,0.1,0.6,3,4,5,2,4,2,0,2,3,0,0.01,0.75,evacuation_point0;map(['motorbike'::1706,'pedestrian'::131,'bicycle'::448,'car'::30])|evacuation_point1;map(['motorbike'::1507,'bicycle'::389,'pedestrian'::106])|evacuation_point2;map(['motorbike'::2048,'bicycle'::550,'pedestrian'::162,'car'::35])|evacuation_point3;map(['motorbike'::1252,'bicycle'::343,'pedestrian'::91,'car'::16])|evacuation_point4;map(['motorbike'::279,'bicycle'::82,'pedestrian'::43,'car'::24])|evacuation_point5;map(['pedestrian'::76,'motorbike'::635,'bicycle'::185,'car'::18])|
0.7861194503953921,124,10920,0.7,0.1,0.1,0.9,0.4,0.5,0.2,0.3,0.1,0.6,3,4,5,2,4,2,0,2,3,0,0.01,0.75,evacuation_point0;map(['motorbike'::1605,'bicycle'::432,'pedestrian'::116,'car'::30])|evacuation_point1;map(['motorbike'::1565,'bicycle'::355,'pedestrian'::118])|evacuation_point2;map(['motorbike'::2087,'bicycle'::599,'pedestrian'::179,'car'::35])|evacuation_point3;map(['motorbike'::1338,'bicycle'::363,'car'::16,'pedestrian'::96])|evacuation_point4;map(['motorbike'::253,'bicycle'::88,'pedestrian'::51,'car'::24])|evacuation_point5;map(['motorbike'::579,'pedestrian'::49,'bicycle'::160,'car'::18])|
0.8008317239548194,126,11040,0.7,0.1,0.4,0.9,0.4,0.5,0.2,0.3,0.1,0.6,3,4,5,2,4,2,0,2,3,0,0.01,0.75,evacuation_point0;map(['motorbike'::1785,'bicycle'::450,'pedestrian'::130,'car'::30])|evacuation_point1;map(['motorbike'::1496,'bicycle'::413,'pedestrian'::108])|evacuation_point2;map(['motorbike'::1880,'bicycle'::524,'pedestrian'::169,'car'::35])|evacuation_point3;map(['motorbike'::1055,'bicycle'::277,'pedestrian'::77,'car'::16])|evacuation_point4;map(['motorbike'::516,'bicycle'::152,'pedestrian'::59,'car'::24])|evacuation_point5;map(['motorbike'::695,'pedestrian'::66,'bicycle'::181,'car'::18])|
0.9734916546911072,133,11280,0.0,0.7,0.1,0.9,0.8,0.1,0.5,0.7,0.6,0.4,4,5,4,2,2,0,4,1,3,1,0.01,0.75,evacuation_point0;map(['motorbike'::1360,'bicycle'::381,'pedestrian'::134,'car'::24])|evacuation_point1;map(['motorbike'::1826,'bicycle'::458,'pedestrian'::134,'car'::23])|evacuation_point2;map(['motorbike'::2245,'bicycle'::630,'pedestrian'::169,'car'::6])|evacuation_point3;map(['motorbike'::765,'bicycle'::209,'pedestrian'::53,'car'::14])|evacuation_point4;map(['motorbike'::964,'bicycle'::256,'pedestrian'::87,'car'::44])|evacuation_point5;map(['motorbike'::267,'pedestrian'::32,'bicycle'::63,'car'::12])|
0.11879585525539138,139,11280,0.0,0.7,0.1,0.9,0.8,0.1,0.5,0.7,0.6,0.4,3,4,5,2,4,2,0,2,3,0,0.01,0.75,evacuation_point0;map(['motorbike'::1025,'bicycle'::288,'pedestrian'::86,'car'::30])|evacuation_point1;map(['motorbike'::1725,'bicycle'::468,'pedestrian'::143])|evacuation_point2;map(['motorbike'::2433,'bicycle'::634,'pedestrian'::198,'car'::35])|evacuation_point3;map(['motorbike'::1208,'bicycle'::350,'car'::16,'pedestrian'::94])|evacuation_point4;map(['bicycle'::81,'motorbike'::269,'pedestrian'::29,'car'::24])|evacuation_point5;map(['motorbike'::767,'bicycle'::176,'pedestrian'::59,'car'::18])|
0.21692130822257472,121,11400,0.9,0.1,0.9,0.5,0.2,0.5,0.9,0.2,0.1,0.8,2,4,2,5,2,3,0,0,5,5,0.01,0.75,evacuation_point0;map(['motorbike'::1900,'bicycle'::467,'pedestrian'::157,'car'::32])|evacuation_point1;map(['motorbike'::1731,'bicycle'::473,'pedestrian'::141])|evacuation_point2;map(['motorbike'::2387,'bicycle'::663,'pedestrian'::182,'car'::38])|evacuation_point3;map(['motorbike'::928,'bicycle'::263,'pedestrian'::86,'car'::33])|evacuation_point4;map(['motorbike'::180,'bicycle'::57,'pedestrian'::19,'car'::14])|evacuation_point5;map(['motorbike'::301,'pedestrian'::24,'bicycle'::74,'car'::6])|
0.5244566653317001,128,11520,0.0,0.7,0.1,0.9,0.8,0.1,0.5,0.7,0.6,0.4,4,5,4,2,5,5,2,1,5,4,0.01,0.75,evacuation_point0;map(['motorbike'::1414,'bicycle'::381,'pedestrian'::121,'car'::36])|evacuation_point1;map(['motorbike'::1829,'bicycle'::475,'pedestrian'::156,'car'::13])|evacuation_point2;map(['motorbike'::1791,'bicycle'::493,'pedestrian'::125])|evacuation_point3;map(['bicycle'::271,'motorbike'::1131,'pedestrian'::83,'car'::45])|evacuation_point4;map(['motorbike'::943,'bicycle'::278,'pedestrian'::87,'car'::29])|evacuation_point5;map(['pedestrian'::37,'motorbike'::319,'bicycle'::99])|
0.6097533555270999,129,11640,0.0,0.7,0.1,0.9,0.8,0.1,0.5,0.7,0.6,0.4,4,5,4,2,5,5,2,1,5,4,0.01,0.75,evacuation_point0;map(['motorbike'::1372,'bicycle'::388,'pedestrian'::112,'car'::36])|evacuation_point1;map(['motorbike'::1829,'bicycle'::503,'pedestrian'::150,'car'::13])|evacuation_point2;map(['motorbike'::1908,'bicycle'::503,'pedestrian'::143])|evacuation_point3;map(['motorbike'::1072,'pedestrian'::85,'bicycle'::248,'car'::45])|evacuation_point4;map(['motorbike'::918,'bicycle'::255,'pedestrian'::81,'car'::29])|evacuation_point5;map(['pedestrian'::38,'motorbike'::328,'bicycle'::100])|
0.16237371550679958,120,11640,0.9,0.1,0.9,0.5,0.2,0.5,0.9,0.2,0.1,0.8,2,4,2,5,2,3,0,0,5,5,0.01,0.75,evacuation_point0;map(['motorbike'::1689,'bicycle'::426,'pedestrian'::166,'car'::32])|evacuation_point1;map(['motorbike'::1767,'bicycle'::491,'pedestrian'::118])|evacuation_point2;map(['motorbike'::2516,'bicycle'::694,'pedestrian'::201,'car'::38])|evacuation_point3;map(['motorbike'::774,'bicycle'::200,'pedestrian'::55,'car'::33])|evacuation_point4;map(['motorbike'::181,'car'::14,'bicycle'::57,'pedestrian'::17])|evacuation_point5;map(['motorbike'::500,'pedestrian'::52,'bicycle'::129,'car'::6])|
0.9757519042568173,136,12000,0.3,0.0,0.9,0.0,0.1,0.2,0.3,0.0,0.5,0.8,2,4,2,5,2,3,0,0,5,5,0.01,0.75,evacuation_point0;map(['motorbike'::2070,'bicycle'::585,'pedestrian'::174,'car'::32])|evacuation_point1;map(['motorbike'::1704,'bicycle'::416,'pedestrian'::122])|evacuation_point2;map(['motorbike'::2454,'bicycle'::670,'pedestrian'::198,'car'::38])|evacuation_point3;map(['motorbike'::948,'bicycle'::254,'pedestrian'::92,'car'::33])|evacuation_point4;map(['motorbike'::23,'bicycle'::4,'pedestrian'::3,'car'::14])|evacuation_point5;map(['motorbike'::228,'pedestrian'::20,'bicycle'::68,'car'::6])|
0.1031910870308127,131,12240,0.3,0.0,0.4,0.0,0.1,0.2,0.3,0.0,0.5,0.0,5,4,3,3,1,3,4,5,4,5,0.01,0.75,evacuation_point0;map(['motorbike'::2518,'bicycle'::703,'pedestrian'::217])|evacuation_point1;map(['motorbike'::1696,'bicycle'::472,'pedestrian'::141,'car'::13])|evacuation_point2;map(['motorbike'::1903,'bicycle'::481,'pedestrian'::147])|evacuation_point3;map(['motorbike'::969,'bicycle'::280,'pedestrian'::74,'car'::28])|evacuation_point4;map(['pedestrian'::6,'motorbike'::76,'bicycle'::6,'car'::51])|evacuation_point5;map(['pedestrian'::24,'motorbike'::265,'bicycle'::55,'car'::31])|
0.6487960549300008,132,12600,0.0,0.7,0.1,0.9,0.8,0.1,0.5,0.7,0.6,0.4,4,5,4,2,2,0,4,1,3,1,0.01,0.75,evacuation_point0;map(['motorbike'::1192,'bicycle'::324,'pedestrian'::106,'car'::24])|evacuation_point1;map(['motorbike'::1905,'bicycle'::511,'pedestrian'::158,'car'::23])|evacuation_point2;map(['motorbike'::2294,'bicycle'::604,'pedestrian'::173,'car'::6])|evacuation_point3;map(['motorbike'::924,'bicycle'::253,'pedestrian'::76,'car'::14])|evacuation_point4;map(['motorbike'::841,'bicycle'::231,'pedestrian'::75,'car'::44])|evacuation_point5;map(['motorbike'::271,'pedestrian'::21,'bicycle'::74,'car'::12])|
0.9253955162327768,134,12600,0.9,0.1,0.9,0.5,0.2,0.5,0.9,0.2,0.1,0.8,2,4,2,5,2,0,4,1,3,1,0.01,0.75,evacuation_point0;map(['motorbike'::2311,'bicycle'::587,'pedestrian'::206,'car'::32])|evacuation_point1;map(['motorbike'::1974,'bicycle'::542,'pedestrian'::174,'car'::23])|evacuation_point2;map(['motorbike'::1683,'bicycle'::485,'pedestrian'::122,'car'::6])|evacuation_point3;map(['motorbike'::858,'bicycle'::214,'pedestrian'::53,'car'::11])|evacuation_point4;map(['motorbike'::344,'bicycle'::101,'pedestrian'::19,'car'::39])|evacuation_point5;map(['motorbike'::257,'pedestrian'::35,'bicycle'::68,'car'::12])|
0.17393806171849258,135,12600,0.9,0.1,0.9,0.5,0.2,0.5,0.9,0.2,0.1,0.8,2,4,2,5,2,0,4,1,3,1,0.01,0.75,evacuation_point0;map(['motorbike'::2172,'bicycle'::587,'pedestrian'::187,'car'::32])|evacuation_point1;map(['motorbike'::1950,'bicycle'::503,'pedestrian'::152,'car'::23])|evacuation_point2;map(['motorbike'::1747,'bicycle'::490,'pedestrian'::138,'car'::6])|evacuation_point3;map(['motorbike'::905,'bicycle'::233,'pedestrian'::54,'car'::11])|evacuation_point4;map(['motorbike'::287,'bicycle'::86,'pedestrian'::24,'car'::39])|evacuation_point5;map(['motorbike'::366,'pedestrian'::54,'bicycle'::98,'car'::12])|
