0.5909099693313521,7,8520,0.0,0.1,0.2,0.3,0.0,0.5,0.0,0.9,0.8,0.6,3,1,3,4,5,4,5,3,0,0,0.01,0.75,evacuation_point0;map(['motorbike'::1089,'bicycle'::282,'pedestrian'::73])|evacuation_point1;map(['motorbike'::1527,'bicycle'::395,'pedestrian'::118,'car'::14])|evacuation_point2;map(['motorbike'::2466,'bicycle'::635,'pedestrian'::191,'car'::22])|evacuation_point3;map(['motorbike'::1183,'bicycle'::351,'pedestrian'::112,'car'::38])|evacuation_point4;map(['motorbike'::89,'bicycle'::24,'car'::17,'pedestrian'::1])|evacuation_point5;map(['motorbike'::1073,'pedestrian'::114,'bicycle'::310,'car'::32])|
0.25653191235346806,5,9240,0.0,0.1,0.2,0.3,0.0,0.5,0.0,0.9,0.8,0.6,3,1,3,4,5,4,5,3,0,0,0.01,0.75,evacuation_point0;map(['motorbike'::947,'bicycle'::269,'pedestrian'::75])|evacuation_point1;map(['motorbike'::1543,'bicycle'::396,'pedestrian'::103,'car'::14])|evacuation_point2;map(['motorbike'::2476,'bicycle'::660,'pedestrian'::201,'car'::22])|evacuation_point3;map(['motorbike'::1166,'bicycle'::303,'pedestrian'::109,'car'::38])|evacuation_point4;map(['motorbike'::215,'bicycle'::59,'car'::17,'pedestrian'::8])|evacuation_point5;map(['pedestrian'::113,'motorbike'::1080,'bicycle'::310,'car'::32])|
0.34100173044538595,4,9480,0.0,0.1,0.2,0.3,0.0,0.5,0.0,0.9,0.8,0.6,3,1,3,4,5,4,5,3,0,0,0.01,0.75,evacuation_point0;map(['motorbike'::1122,'bicycle'::365,'pedestrian'::102])|evacuation_point1;map(['motorbike'::1557,'bicycle'::398,'pedestrian'::116,'car'::14])|evacuation_point2;map(['motorbike'::2472,'bicycle'::647,'pedestrian'::192,'car'::22])|evacuation_point3;map(['motorbike'::987,'bicycle'::247,'pedestrian'::83,'car'::38])|evacuation_point4;map(['motorbike'::151,'bicycle'::34,'car'::17,'pedestrian'::2])|evacuation_point5;map(['pedestrian'::114,'motorbike'::1138,'bicycle'::306,'car'::32])|
0.1258178960987314,6,9720,0.0,0.1,0.2,0.3,0.0,0.5,0.0,0.9,0.8,0.6,3,1,3,4,5,4,5,3,0,0,0.01,0.75,evacuation_point0;map(['motorbike'::1095,'bicycle'::288,'pedestrian'::81])|evacuation_point1;map(['motorbike'::1548,'bicycle'::395,'pedestrian'::124,'car'::14])|evacuation_point2;map(['motorbike'::2425,'bicycle'::648,'pedestrian'::187,'car'::22])|evacuation_point3;map(['motorbike'::1100,'bicycle'::335,'pedestrian'::101,'car'::38])|evacuation_point4;map(['motorbike'::149,'bicycle'::45,'car'::17,'pedestrian'::5])|evacuation_point5;map(['motorbike'::1110,'pedestrian'::111,'bicycle'::286,'car'::32])|
0.8758038573560792,16,10680,0.4,0.3,0.3,0.5,0.2,0.2,0.8,0.7,0.4,0.1,2,5,2,5,2,0,2,2,1,1,0.01,0.75,evacuation_point0;map(['motorbike'::1995,'bicycle'::532,'pedestrian'::176,'car'::70])|evacuation_point1;map(['motorbike'::1616,'bicycle'::372,'pedestrian'::126,'car'::17])|evacuation_point2;map(['motorbike'::2562,'bicycle'::710,'pedestrian'::203,'car'::11])|evacuation_point3;map(['motorbike'::1019,'pedestrian'::88,'bicycle'::319,'car'::25])|evacuation_point4;map(['motorbike'::7,'bicycle'::3])|evacuation_point5;map(['motorbike'::228,'pedestrian'::16,'bicycle'::61])|
0.22407870908781735,13,11160,0.1,0.5,0.3,0.1,0.1,1.0,0.3,0.2,0.1,0.6,5,5,2,1,3,2,3,0,4,2,0.01,0.75,evacuation_point0;map(['motorbike'::2388,'bicycle'::629,'pedestrian'::193,'car'::30])|evacuation_point1;map(['motorbike'::1802,'bicycle'::483,'pedestrian'::160,'car'::11])|evacuation_point2;map(['motorbike'::1988,'bicycle'::537,'pedestrian'::137,'car'::13])|evacuation_point3;map(['motorbike'::799,'bicycle'::232,'pedestrian'::78,'car'::19])|evacuation_point4;map(['motorbike'::35,'bicycle'::5,'pedestrian'::1,'car'::12])|evacuation_point5;map(['motorbike'::410,'bicycle'::111,'pedestrian'::39,'car'::38])|
0.2851623989421206,14,11160,0.1,0.5,0.3,0.1,0.1,1.0,0.3,0.2,0.1,0.6,5,5,2,1,3,2,3,0,4,2,0.01,0.75,evacuation_point0;map(['motorbike'::1818,'bicycle'::485,'pedestrian'::136,'car'::30])|evacuation_point1;map(['motorbike'::1894,'bicycle'::457,'pedestrian'::138,'car'::11])|evacuation_point2;map(['motorbike'::2157,'bicycle'::599,'pedestrian'::192,'car'::13])|evacuation_point3;map(['motorbike'::1114,'bicycle'::335,'pedestrian'::105,'car'::19])|evacuation_point4;map(['motorbike'::32,'bicycle'::9,'car'::12])|evacuation_point5;map(['motorbike'::407,'bicycle'::112,'pedestrian'::37,'car'::38])|
0.49549909125878533,12,11280,0.1,0.5,0.3,0.1,0.1,1.0,0.3,0.2,0.1,0.6,5,5,2,1,3,2,3,0,4,2,0.01,0.75,evacuation_point0;map(['motorbike'::2411,'bicycle'::674,'pedestrian'::190,'car'::30])|evacuation_point1;map(['motorbike'::1563,'bicycle'::382,'pedestrian'::124,'car'::11])|evacuation_point2;map(['motorbike'::2135,'bicycle'::542,'pedestrian'::180,'car'::13])|evacuation_point3;map(['motorbike'::813,'bicycle'::249,'pedestrian'::71,'car'::19])|evacuation_point4;map(['motorbike'::8,'bicycle'::6,'pedestrian'::1,'car'::12])|evacuation_point5;map(['motorbike'::492,'bicycle'::144,'pedestrian'::42,'car'::38])|
0.8076517879736006,21,11400,0.9,0.5,0.1,0.7,0.6,0.9,0.1,0.9,0.5,0.2,3,5,1,0,4,2,4,2,5,2,0.01,0.75,evacuation_point0;map(['motorbike'::1190,'bicycle'::309,'pedestrian'::112,'car'::29])|evacuation_point1;map(['motorbike'::1981,'bicycle'::501,'pedestrian'::134,'car'::14])|evacuation_point2;map(['motorbike'::1675,'bicycle'::447,'pedestrian'::128,'car'::11])|evacuation_point3;map(['motorbike'::1442,'bicycle'::419,'pedestrian'::128,'car'::28])|evacuation_point4;map(['motorbike'::711,'bicycle'::202,'pedestrian'::68,'car'::35])|evacuation_point5;map(['motorbike'::428,'pedestrian'::39,'bicycle'::119,'car'::6])|
0.7415888320981255,17,11400,0.4,0.3,0.3,0.5,0.2,0.2,0.8,0.7,0.4,0.1,2,5,2,5,2,0,2,2,1,1,0.01,0.75,evacuation_point0;map(['motorbike'::1955,'bicycle'::561,'pedestrian'::214,'car'::70])|evacuation_point1;map(['motorbike'::1587,'bicycle'::382,'pedestrian'::132,'car'::16])|evacuation_point2;map(['motorbike'::2508,'bicycle'::687,'pedestrian'::168,'car'::12])|evacuation_point3;map(['motorbike'::1145,'bicycle'::323,'pedestrian'::83,'car'::25])|evacuation_point4;map(['motorbike'::1])|evacuation_point5;map(['motorbike'::231,'pedestrian'::12,'bicycle'::44])|
0.32543195524064583,18,11520,0.4,0.3,0.3,0.5,0.2,0.2,0.8,0.7,0.4,0.1,2,5,2,5,2,0,2,2,1,1,0.01,0.75,evacuation_point0;map(['motorbike'::1828,'bicycle'::490,'pedestrian'::171,'car'::70])|evacuation_point1;map(['motorbike'::1608,'bicycle'::342,'car'::16,'pedestrian'::124])|evacuation_point2;map(['motorbike'::2626,'bicycle'::755,'pedestrian'::192,'car'::12])|evacuation_point3;map(['bicycle'::332,'motorbike'::1102,'pedestrian'::100,'car'::25])|evacuation_point4;map(['motorbike'::5,'bicycle'::2])|evacuation_point5;map(['motorbike'::258,'pedestrian'::22,'bicycle'::76])|
0.9167837427385043,20,11520,0.9,0.5,0.1,0.7,0.6,0.9,0.1,0.9,0.5,0.2,3,5,1,0,4,2,4,2,5,2,0.01,0.75,evacuation_point0;map(['motorbike'::1371,'bicycle'::408,'pedestrian'::121,'car'::29])|evacuation_point1;map(['motorbike'::1906,'bicycle'::452,'pedestrian'::116,'car'::14])|evacuation_point2;map(['motorbike'::1622,'bicycle'::435,'pedestrian'::107,'car'::11])|evacuation_point3;map(['motorbike'::1289,'bicycle'::358,'pedestrian'::151,'car'::28])|evacuation_point4;map(['motorbike'::774,'bicycle'::208,'car'::35,'pedestrian'::72])|evacuation_point5;map(['motorbike'::465,'pedestrian'::42,'bicycle'::136,'car'::6])|
0.44182165614286484,19,11640,0.4,0.3,0.3,0.5,0.2,0.2,0.8,0.7,0.4,0.1,2,5,2,5,2,0,2,2,1,1,0.01,0.75,evacuation_point0;map(['motorbike'::1928,'bicycle'::532,'pedestrian'::176,'car'::70])|evacuation_point1;map(['motorbike'::1548,'car'::16,'bicycle'::391,'pedestrian'::118])|evacuation_point2;map(['motorbike'::2650,'bicycle'::718,'pedestrian'::194,'car'::12])|evacuation_point3;map(['bicycle'::290,'motorbike'::1071,'pedestrian'::100,'car'::25])|evacuation_point4;map(['motorbike'::5,'bicycle'::3,'pedestrian'::1])|evacuation_point5;map(['motorbike'::225,'pedestrian'::20,'bicycle'::63])|
0.8482200436193184,15,12240,0.1,0.5,0.3,0.1,0.1,1.0,0.3,0.2,0.1,0.6,5,5,2,1,3,2,3,0,4,2,0.01,0.75,evacuation_point0;map(['motorbike'::1627,'bicycle'::416,'pedestrian'::104,'car'::30])|evacuation_point1;map(['motorbike'::1997,'bicycle'::540,'pedestrian'::181,'car'::11])|evacuation_point2;map(['motorbike'::2395,'bicycle'::643,'pedestrian'::190,'car'::13])|evacuation_point3;map(['motorbike'::871,'bicycle'::265,'pedestrian'::87,'car'::19])|evacuation_point4;map(['motorbike'::30,'bicycle'::11,'pedestrian'::2,'car'::12])|evacuation_point5;map(['motorbike'::502,'bicycle'::122,'pedestrian'::44,'car'::38])|
0.6269729393622949,23,12240,0.9,0.5,0.1,0.7,0.6,0.9,0.1,0.9,0.5,0.2,3,5,1,0,4,2,4,2,5,2,0.01,0.75,evacuation_point0;map(['motorbike'::1402,'bicycle'::394,'pedestrian'::143,'car'::29])|evacuation_point1;map(['motorbike'::1826,'bicycle'::480,'pedestrian'::141,'car'::14])|evacuation_point2;map(['motorbike'::1675,'bicycle'::458,'pedestrian'::116,'car'::11])|evacuation_point3;map(['motorbike'::1450,'bicycle'::353,'pedestrian'::111,'car'::28])|evacuation_point4;map(['motorbike'::727,'bicycle'::211,'pedestrian'::65,'car'::35])|evacuation_point5;map(['motorbike'::347,'pedestrian'::33,'bicycle'::101,'car'::6])|
0.1825596126440131,3,12360,0.8,0.8,0.5,0.9,0.7,0.6,0.2,0.5,1.0,0.5,4,0,4,2,2,4,2,2,3,0,0.01,0.75,evacuation_point0;map(['motorbike'::2397,'bicycle'::666,'pedestrian'::223,'car'::62])|evacuation_point1;map(['motorbike'::1728,'bicycle'::452,'pedestrian'::122])|evacuation_point2;map(['motorbike'::1835,'bicycle'::481,'pedestrian'::132,'car'::24])|evacuation_point3;map(['motorbike'::923,'bicycle'::240,'pedestrian'::56])|evacuation_point4;map(['motorbike'::75,'pedestrian'::13,'bicycle'::24,'car'::25])|evacuation_point5;map(['motorbike'::469,'pedestrian'::63,'bicycle'::134,'car'::12])|
0.6243840215356774,22,12480,0.9,0.5,0.1,0.7,0.6,0.9,0.1,0.9,0.5,0.2,3,5,1,0,4,2,4,2,5,2,0.01,0.75,evacuation_point0;map(['motorbike'::1728,'bicycle'::457,'pedestrian'::158,'car'::29])|evacuation_point1;map(['motorbike'::1945,'bicycle'::539,'pedestrian'::140,'car'::14])|evacuation_point2;map(['motorbike'::1599,'bicycle'::441,'pedestrian'::112,'car'::11])|evacuation_point3;map(['motorbike'::1094,'bicycle'::276,'pedestrian'::101,'car'::28])|evacuation_point4;map(['motorbike'::783,'bicycle'::208,'pedestrian'::69,'car'::35])|evacuation_point5;map(['motorbike'::278,'pedestrian'::29,'bicycle'::76,'car'::6])|
0.9557038030372957,9,12840,0.2,0.3,0.1,0.6,0.7,0.7,0.9,0.5,0.8,0.4,0,2,3,0,4,2,3,5,4,4,0.01,0.75,evacuation_point0;map(['motorbike'::1076,'bicycle'::326,'pedestrian'::87,'car'::20])|evacuation_point1;map(['motorbike'::1561,'bicycle'::385,'pedestrian'::125])|evacuation_point2;map(['motorbike'::1720,'bicycle'::455,'pedestrian'::138,'car'::16])|evacuation_point3;map(['motorbike'::959,'bicycle'::255,'pedestrian'::77,'car'::15])|evacuation_point4;map(['motorbike'::839,'bicycle'::212,'pedestrian'::70,'car'::32])|evacuation_point5;map(['motorbike'::1272,'bicycle'::364,'car'::40,'pedestrian'::112])|
0.5123353127570347,11,12840,0.2,0.3,0.1,0.6,0.7,0.7,0.9,0.5,0.8,0.4,0,2,3,0,4,2,3,5,4,4,0.01,0.75,evacuation_point0;map(['motorbike'::1074,'bicycle'::306,'pedestrian'::103,'car'::20])|evacuation_point1;map(['motorbike'::1508,'bicycle'::394,'pedestrian'::114])|evacuation_point2;map(['motorbike'::1798,'bicycle'::470,'pedestrian'::137,'car'::16])|evacuation_point3;map(['motorbike'::967,'bicycle'::269,'pedestrian'::67,'car'::15])|evacuation_point4;map(['motorbike'::773,'bicycle'::190,'pedestrian'::71,'car'::32])|evacuation_point5;map(['motorbike'::1307,'bicycle'::368,'car'::40,'pedestrian'::117])|
0.2793801370786627,8,12840,0.2,0.3,0.1,0.6,0.7,0.7,0.9,0.5,0.8,0.4,0,2,3,0,4,2,3,5,4,4,0.01,0.75,evacuation_point0;map(['motorbike'::1161,'bicycle'::302,'pedestrian'::95,'car'::20])|evacuation_point1;map(['motorbike'::1507,'bicycle'::406,'pedestrian'::123])|evacuation_point2;map(['motorbike'::1864,'bicycle'::493,'pedestrian'::138,'car'::16])|evacuation_point3;map(['motorbike'::896,'bicycle'::265,'pedestrian'::78,'car'::15])|evacuation_point4;map(['motorbike'::736,'bicycle'::184,'pedestrian'::72,'car'::32])|evacuation_point5;map(['motorbike'::1263,'bicycle'::347,'car'::40,'pedestrian'::103])|
0.251429917227588,10,12960,0.2,0.3,0.1,0.6,0.7,0.7,0.9,0.5,0.8,0.4,0,2,3,0,4,2,3,5,4,4,0.01,0.75,evacuation_point0;map(['motorbike'::1131,'bicycle'::349,'pedestrian'::97,'car'::20])|evacuation_point1;map(['motorbike'::1392,'bicycle'::369,'pedestrian'::107])|evacuation_point2;map(['motorbike'::1900,'bicycle'::514,'pedestrian'::166,'car'::16])|evacuation_point3;map(['motorbike'::887,'bicycle'::226,'pedestrian'::68,'car'::15])|evacuation_point4;map(['motorbike'::847,'bicycle'::189,'pedestrian'::62,'car'::32])|evacuation_point5;map(['motorbike'::1270,'bicycle'::350,'car'::40,'pedestrian'::109])|
0.32866234371372216,2,12960,0.8,0.8,0.5,0.9,0.7,0.6,0.2,0.5,1.0,0.5,4,0,4,2,2,4,2,2,3,0,0.01,0.75,evacuation_point0;map(['motorbike'::2359,'bicycle'::647,'pedestrian'::207,'car'::62])|evacuation_point1;map(['motorbike'::1650,'bicycle'::424,'pedestrian'::136])|evacuation_point2;map(['motorbike'::1934,'bicycle'::522,'pedestrian'::130,'car'::24])|evacuation_point3;map(['motorbike'::945,'bicycle'::270,'pedestrian'::58])|evacuation_point4;map(['motorbike'::184,'bicycle'::41,'pedestrian'::23,'car'::25])|evacuation_point5;map(['motorbike'::355,'pedestrian'::55,'bicycle'::93,'car'::12])|
0.009407448368241145,1,13200,0.8,0.8,0.5,0.9,0.7,0.6,0.2,0.5,1.0,0.5,4,0,4,2,2,4,2,2,3,0,0.01,0.75,evacuation_point0;map(['motorbike'::2321,'bicycle'::628,'pedestrian'::229,'car'::62])|evacuation_point1;map(['motorbike'::1688,'bicycle'::452,'pedestrian'::128])|evacuation_point2;map(['motorbike'::1943,'bicycle'::503,'pedestrian'::139,'car'::24])|evacuation_point3;map(['motorbike'::1132,'bicycle'::341,'pedestrian'::81])|evacuation_point4;map(['motorbike'::107,'bicycle'::11,'pedestrian'::4,'car'::25])|evacuation_point5;map(['motorbike'::236,'pedestrian'::28,'bicycle'::62,'car'::12])|
0.5960422707197736,0,13320,0.8,0.8,0.5,0.9,0.7,0.6,0.2,0.5,1.0,0.5,4,0,4,2,2,4,2,2,3,0,0.01,0.75,evacuation_point0;map(['motorbike'::2458,'bicycle'::634,'pedestrian'::190,'car'::62])|evacuation_point1;map(['motorbike'::1743,'bicycle'::492,'pedestrian'::164])|evacuation_point2;map(['motorbike'::1723,'bicycle'::474,'pedestrian'::125,'car'::24])|evacuation_point3;map(['motorbike'::1090,'bicycle'::279,'pedestrian'::61])|evacuation_point4;map(['motorbike'::96,'bicycle'::26,'pedestrian'::10,'car'::25])|evacuation_point5;map(['motorbike'::317,'pedestrian'::59,'bicycle'::92,'car'::12])|
0.06911654085123142,30,11520,0.2,1.0,0.4,0.8,0.7,0.0,0.1,0.7,0.2,0.4,0,1,5,5,5,2,1,5,4,2,0.01,0.75,evacuation_point0;map(['motorbike'::1182,'bicycle'::353,'pedestrian'::87,'car'::16])|evacuation_point1;map(['motorbike'::1966,'bicycle'::547,'pedestrian'::178,'car'::39])|evacuation_point2;map(['motorbike'::2290,'bicycle'::592,'pedestrian'::177,'car'::5])|evacuation_point3;map(['motorbike'::1607,'bicycle'::401,'car'::51,'pedestrian'::121])|evacuation_point4;map(['motorbike'::88,'bicycle'::22,'pedestrian'::5,'car'::12])|evacuation_point5;map(['motorbike'::294,'pedestrian'::41,'bicycle'::82])|
0.7984776944191271,39,11640,0.8,0.3,0.3,0.7,0.2,0.8,0.2,0.9,0.9,0.4,2,4,0,2,3,5,0,0,0,4,0.01,0.75,evacuation_point0;map(['motorbike'::1586,'bicycle'::424,'pedestrian'::106,'car'::16])|evacuation_point1;map(['motorbike'::1623,'bicycle'::449,'pedestrian'::144])|evacuation_point2;map(['motorbike'::2630,'bicycle'::663,'car'::64,'pedestrian'::197])|evacuation_point3;map(['motorbike'::915,'bicycle'::224,'pedestrian'::90,'car'::6])|evacuation_point4;map(['motorbike'::258,'bicycle'::107,'pedestrian'::39,'car'::24])|evacuation_point5;map(['motorbike'::410,'bicycle'::130,'pedestrian'::32,'car'::13])|
0.995545710633272,34,11640,0.4,0.3,0.7,0.9,0.5,0.7,0.1,0.9,0.6,0.3,5,1,3,1,5,5,5,0,2,3,0.01,0.75,evacuation_point0;map(['motorbike'::1507,'bicycle'::393,'pedestrian'::130,'car'::12])|evacuation_point1;map(['motorbike'::1762,'bicycle'::455,'pedestrian'::139,'car'::25])|evacuation_point2;map(['motorbike'::2047,'bicycle'::574,'pedestrian'::161,'car'::13])|evacuation_point3;map(['motorbike'::1262,'bicycle'::353,'pedestrian'::100,'car'::49])|evacuation_point4;map(['motorbike'::36,'bicycle'::9])|evacuation_point5;map(['motorbike'::813,'pedestrian'::79,'bicycle'::213,'car'::24])|
0.4167076278142039,36,11760,0.8,0.3,0.3,0.7,0.2,0.8,0.2,0.9,0.9,0.4,2,4,0,2,3,5,0,0,0,4,0.01,0.75,evacuation_point0;map(['motorbike'::1208,'bicycle'::311,'pedestrian'::90,'car'::16])|evacuation_point1;map(['motorbike'::1734,'bicycle'::455,'pedestrian'::160])|evacuation_point2;map(['motorbike'::2862,'bicycle'::780,'car'::64,'pedestrian'::197])|evacuation_point3;map(['motorbike'::827,'bicycle'::209,'pedestrian'::70,'car'::6])|evacuation_point4;map(['motorbike'::269,'bicycle'::84,'pedestrian'::47,'car'::24])|evacuation_point5;map(['motorbike'::522,'bicycle'::158,'pedestrian'::44,'car'::13])|
0.43728474266659667,37,11760,0.8,0.3,0.3,0.7,0.2,0.8,0.2,0.9,0.9,0.4,2,4,0,2,3,5,0,0,0,4,0.01,0.75,evacuation_point0;map(['motorbike'::1137,'bicycle'::283,'pedestrian'::82,'car'::16])|evacuation_point1;map(['motorbike'::1687,'bicycle'::433,'pedestrian'::154])|evacuation_point2;map(['motorbike'::2794,'bicycle'::783,'pedestrian'::216,'car'::64])|evacuation_point3;map(['motorbike'::1068,'bicycle'::286,'pedestrian'::71,'car'::6])|evacuation_point4;map(['motorbike'::239,'bicycle'::71,'pedestrian'::33,'car'::24])|evacuation_point5;map(['motorbike'::497,'pedestrian'::52,'bicycle'::141,'car'::13])|
0.38408404003603924,29,11760,0.2,1.0,0.4,0.8,0.7,0.0,0.1,0.7,0.2,0.4,0,1,5,5,5,2,1,5,4,2,0.01,0.75,evacuation_point0;map(['motorbike'::1261,'bicycle'::349,'car'::16,'pedestrian'::85])|evacuation_point1;map(['motorbike'::1925,'bicycle'::491,'pedestrian'::164,'car'::39])|evacuation_point2;map(['motorbike'::2224,'bicycle'::604,'pedestrian'::180,'car'::5])|evacuation_point3;map(['motorbike'::1566,'bicycle'::429,'pedestrian'::131,'car'::51])|evacuation_point4;map(['motorbike'::60,'bicycle'::10,'pedestrian'::2,'car'::12])|evacuation_point5;map(['motorbike'::391,'pedestrian'::47,'bicycle'::114])|
0.9463903987394973,31,12120,0.2,1.0,0.4,0.8,0.7,0.0,0.1,0.7,0.2,0.4,0,1,5,5,5,2,1,5,4,2,0.01,0.75,evacuation_point0;map(['motorbike'::1171,'bicycle'::346,'pedestrian'::87,'car'::16])|evacuation_point1;map(['motorbike'::2018,'bicycle'::525,'pedestrian'::166,'car'::39])|evacuation_point2;map(['motorbike'::2226,'bicycle'::593,'pedestrian'::189,'car'::5])|evacuation_point3;map(['motorbike'::1491,'bicycle'::385,'car'::51,'pedestrian'::124])|evacuation_point4;map(['motorbike'::75,'bicycle'::16,'car'::12])|evacuation_point5;map(['motorbike'::446,'pedestrian'::43,'bicycle'::132])|
0.8257713694984817,27,12360,0.9,1.0,0.0,0.7,0.1,0.9,0.8,0.1,0.5,0.7,3,2,4,5,4,2,2,0,4,1,0.01,0.75,evacuation_point0;map(['motorbike'::873,'bicycle'::236,'pedestrian'::77,'car'::45])|evacuation_point1;map(['motorbike'::1750,'bicycle'::462,'pedestrian'::142,'car'::10])|evacuation_point2;map(['motorbike'::2015,'car'::13,'bicycle'::565,'pedestrian'::160])|evacuation_point3;map(['motorbike'::998,'bicycle'::271,'pedestrian'::67,'car'::13])|evacuation_point4;map(['motorbike'::1246,'bicycle'::297,'car'::36,'pedestrian'::98])|evacuation_point5;map(['motorbike'::545,'pedestrian'::65,'bicycle'::166,'car'::6])|
0.07046834677241898,35,12360,0.4,0.3,0.7,0.9,0.5,0.7,0.1,0.9,0.6,0.3,5,1,3,1,5,5,5,0,2,3,0.01,0.75,evacuation_point0;map(['motorbike'::1330,'bicycle'::374,'pedestrian'::122,'car'::12])|evacuation_point1;map(['motorbike'::1810,'bicycle'::510,'pedestrian'::183,'car'::25])|evacuation_point2;map(['motorbike'::2071,'bicycle'::507,'pedestrian'::132,'car'::13])|evacuation_point3;map(['motorbike'::1434,'bicycle'::384,'pedestrian'::99,'car'::49])|evacuation_point4;map(['motorbike'::35,'bicycle'::8])|evacuation_point5;map(['motorbike'::747,'pedestrian'::73,'bicycle'::214,'car'::24])|
0.5701763687267195,25,12480,0.9,1.0,0.0,0.7,0.1,0.9,0.8,0.1,0.5,0.7,3,2,4,5,4,2,2,0,4,1,0.01,0.75,evacuation_point0;map(['motorbike'::832,'bicycle'::238,'pedestrian'::85,'car'::45])|evacuation_point1;map(['motorbike'::1834,'bicycle'::490,'pedestrian'::135,'car'::10])|evacuation_point2;map(['motorbike'::2094,'bicycle'::555,'car'::13,'pedestrian'::170])|evacuation_point3;map(['motorbike'::870,'bicycle'::251,'pedestrian'::56,'car'::13])|evacuation_point4;map(['motorbike'::1206,'bicycle'::297,'car'::36,'pedestrian'::94])|evacuation_point5;map(['motorbike'::591,'pedestrian'::69,'bicycle'::166,'car'::6])|
0.689126747049246,28,12480,0.2,1.0,0.4,0.8,0.7,0.0,0.1,0.7,0.2,0.4,0,1,5,5,5,2,1,5,4,2,0.01,0.75,evacuation_point0;map(['motorbike'::1271,'bicycle'::319,'pedestrian'::89,'car'::16])|evacuation_point1;map(['motorbike'::1950,'bicycle'::528,'pedestrian'::174,'car'::39])|evacuation_point2;map(['motorbike'::2191,'bicycle'::610,'pedestrian'::176,'car'::5])|evacuation_point3;map(['motorbike'::1524,'bicycle'::385,'pedestrian'::115,'car'::51])|evacuation_point4;map(['motorbike'::78,'bicycle'::15,'pedestrian'::2,'car'::12])|evacuation_point5;map(['motorbike'::413,'pedestrian'::53,'bicycle'::140])|
0.8515258330642296,24,12480,0.9,1.0,0.0,0.7,0.1,0.9,0.8,0.1,0.5,0.7,3,2,4,5,4,2,2,0,4,1,0.01,0.75,evacuation_point0;map(['motorbike'::895,'bicycle'::268,'pedestrian'::84,'car'::45])|evacuation_point1;map(['motorbike'::1648,'bicycle'::430,'pedestrian'::141,'car'::10])|evacuation_point2;map(['motorbike'::2067,'bicycle'::534,'car'::13,'pedestrian'::157])|evacuation_point3;map(['motorbike'::1183,'bicycle'::322,'pedestrian'::79,'car'::13])|evacuation_point4;map(['motorbike'::1087,'car'::36,'bicycle'::284,'pedestrian'::88])|evacuation_point5;map(['motorbike'::547,'pedestrian'::60,'bicycle'::159,'car'::6])|
0.03678743506585613,26,12480,0.9,1.0,0.0,0.7,0.1,0.9,0.8,0.1,0.5,0.7,3,2,4,5,4,2,2,0,4,1,0.01,0.75,evacuation_point0;map(['motorbike'::955,'bicycle'::240,'pedestrian'::68,'car'::45])|evacuation_point1;map(['motorbike'::1855,'bicycle'::524,'pedestrian'::145,'car'::10])|evacuation_point2;map(['motorbike'::1818,'bicycle'::491,'car'::13,'pedestrian'::165])|evacuation_point3;map(['motorbike'::1275,'bicycle'::340,'pedestrian'::82,'car'::13])|evacuation_point4;map(['motorbike'::1049,'bicycle'::246,'pedestrian'::104,'car'::36])|evacuation_point5;map(['motorbike'::475,'pedestrian'::45,'bicycle'::156,'car'::6])|
0.8604799166058129,38,12720,0.8,0.3,0.3,0.7,0.2,0.8,0.2,0.9,0.9,0.4,2,4,0,2,3,5,0,0,0,4,0.01,0.75,evacuation_point0;map(['motorbike'::1177,'bicycle'::303,'pedestrian'::95,'car'::16])|evacuation_point1;map(['motorbike'::1739,'bicycle'::458,'pedestrian'::149])|evacuation_point2;map(['motorbike'::2701,'bicycle'::733,'car'::64,'pedestrian'::201])|evacuation_point3;map(['motorbike'::1164,'bicycle'::300,'pedestrian'::90,'car'::6])|evacuation_point4;map(['motorbike'::207,'bicycle'::64,'pedestrian'::36,'car'::24])|evacuation_point5;map(['motorbike'::434,'bicycle'::139,'pedestrian'::37,'car'::13])|
0.959261962443818,32,13320,0.4,0.3,0.7,0.9,0.5,0.7,0.1,0.9,0.6,0.3,5,1,3,1,5,5,5,0,2,3,0.01,0.75,evacuation_point0;map(['motorbike'::1561,'bicycle'::413,'pedestrian'::142,'car'::12])|evacuation_point1;map(['motorbike'::1756,'bicycle'::493,'pedestrian'::164,'car'::25])|evacuation_point2;map(['motorbike'::2036,'bicycle'::529,'pedestrian'::133,'car'::13])|evacuation_point3;map(['motorbike'::1227,'bicycle'::331,'pedestrian'::86,'car'::49])|evacuation_point4;map(['motorbike'::34,'bicycle'::11])|evacuation_point5;map(['motorbike'::813,'bicycle'::220,'pedestrian'::84,'car'::24])|
0.0379955493988503,33,13920,0.4,0.3,0.7,0.9,0.5,0.7,0.1,0.9,0.6,0.3,5,1,3,1,5,5,5,0,2,3,0.01,0.75,evacuation_point0;map(['motorbike'::1900,'bicycle'::534,'pedestrian'::156,'car'::12])|evacuation_point1;map(['motorbike'::1933,'bicycle'::538,'pedestrian'::165,'car'::25])|evacuation_point2;map(['motorbike'::1544,'bicycle'::373,'pedestrian'::124,'car'::13])|evacuation_point3;map(['motorbike'::1223,'bicycle'::333,'pedestrian'::96,'car'::49])|evacuation_point4;map(['motorbike'::33,'bicycle'::11])|evacuation_point5;map(['motorbike'::794,'bicycle'::208,'pedestrian'::68,'car'::24])|
0.17272206909158028,55,9000,0.0,0.1,0.2,0.3,0.0,0.5,0.0,0.9,0.8,0.6,3,1,3,4,5,4,5,3,0,0,0.01,0.75,evacuation_point0;map(['motorbike'::1250,'bicycle'::331,'pedestrian'::105])|evacuation_point1;map(['motorbike'::1461,'bicycle'::396,'pedestrian'::113,'car'::14])|evacuation_point2;map(['motorbike'::2513,'bicycle'::665,'pedestrian'::192,'car'::22])|evacuation_point3;map(['motorbike'::945,'bicycle'::266,'pedestrian'::90,'car'::38])|evacuation_point4;map(['motorbike'::162,'bicycle'::35,'car'::17,'pedestrian'::5])|evacuation_point5;map(['pedestrian'::104,'motorbike'::1096,'bicycle'::304,'car'::32])|
0.40149420294247473,53,9120,0.0,0.1,0.2,0.3,0.0,0.5,0.0,0.9,0.8,0.6,3,1,3,4,5,4,5,3,0,0,0.01,0.75,evacuation_point0;map(['motorbike'::1186,'bicycle'::332,'pedestrian'::86])|evacuation_point1;map(['motorbike'::1541,'bicycle'::425,'pedestrian'::119,'car'::14])|evacuation_point2;map(['motorbike'::2438,'bicycle'::626,'pedestrian'::177,'car'::22])|evacuation_point3;map(['motorbike'::1020,'bicycle'::314,'pedestrian'::111,'car'::38])|evacuation_point4;map(['motorbike'::136,'bicycle'::23,'pedestrian'::5,'car'::17])|evacuation_point5;map(['motorbike'::1106,'pedestrian'::111,'bicycle'::277,'car'::32])|
0.6498921499141914,54,9360,0.0,0.1,0.2,0.3,0.0,0.5,0.0,0.9,0.8,0.6,3,1,3,4,5,4,5,3,0,0,0.01,0.75,evacuation_point0;map(['motorbike'::1385,'bicycle'::352,'pedestrian'::109])|evacuation_point1;map(['motorbike'::1530,'bicycle'::400,'pedestrian'::109,'car'::14])|evacuation_point2;map(['motorbike'::2329,'bicycle'::606,'pedestrian'::184,'car'::22])|evacuation_point3;map(['motorbike'::1010,'bicycle'::311,'pedestrian'::95,'car'::38])|evacuation_point4;map(['motorbike'::143,'bicycle'::39,'car'::17,'pedestrian'::4])|evacuation_point5;map(['motorbike'::1030,'pedestrian'::108,'bicycle'::289,'car'::32])|
0.014503314752090546,52,10320,0.0,0.1,0.2,0.3,0.0,0.5,0.0,0.9,0.8,0.6,3,1,3,4,5,4,5,3,0,0,0.01,0.75,evacuation_point0;map(['motorbike'::1018,'bicycle'::308,'pedestrian'::80])|evacuation_point1;map(['motorbike'::1669,'bicycle'::426,'pedestrian'::116,'car'::14])|evacuation_point2;map(['motorbike'::2328,'bicycle'::610,'pedestrian'::192,'car'::22])|evacuation_point3;map(['motorbike'::1109,'bicycle'::289,'pedestrian'::92,'car'::38])|evacuation_point4;map(['motorbike'::171,'bicycle'::62,'car'::17,'pedestrian'::12])|evacuation_point5;map(['motorbike'::1132,'pedestrian'::117,'bicycle'::302,'car'::32])|
0.8003317084285803,49,10680,0.8,0.3,0.3,0.7,0.2,0.8,0.2,0.9,0.9,0.4,2,4,0,2,3,5,0,0,0,4,0.01,0.75,evacuation_point0;map(['motorbike'::1526,'bicycle'::394,'pedestrian'::113,'car'::16])|evacuation_point1;map(['motorbike'::1642,'bicycle'::443,'pedestrian'::168])|evacuation_point2;map(['motorbike'::2755,'bicycle'::725,'car'::64,'pedestrian'::190])|evacuation_point3;map(['bicycle'::219,'motorbike'::793,'pedestrian'::61,'car'::6])|evacuation_point4;map(['motorbike'::261,'bicycle'::95,'pedestrian'::35,'car'::24])|evacuation_point5;map(['motorbike'::445,'pedestrian'::41,'bicycle'::121,'car'::13])|
0.9373333227820109,56,11520,0.9,0.5,0.1,0.7,0.6,0.9,0.1,0.9,0.5,0.2,3,5,1,0,4,2,4,2,5,2,0.01,0.75,evacuation_point0;map(['motorbike'::1257,'bicycle'::321,'pedestrian'::124,'car'::29])|evacuation_point1;map(['motorbike'::1838,'bicycle'::492,'pedestrian'::140,'car'::14])|evacuation_point2;map(['motorbike'::1689,'bicycle'::451,'pedestrian'::101,'car'::11])|evacuation_point3;map(['motorbike'::1448,'bicycle'::390,'pedestrian'::125,'car'::28])|evacuation_point4;map(['motorbike'::730,'bicycle'::204,'pedestrian'::72,'car'::35])|evacuation_point5;map(['motorbike'::465,'pedestrian'::47,'bicycle'::139,'car'::6])|
0.907560262374012,48,11520,0.8,0.3,0.3,0.7,0.2,0.8,0.2,0.9,0.9,0.4,2,4,0,2,3,5,0,0,0,4,0.01,0.75,evacuation_point0;map(['motorbike'::1226,'bicycle'::333,'pedestrian'::93,'car'::16])|evacuation_point1;map(['motorbike'::1592,'bicycle'::404,'pedestrian'::163])|evacuation_point2;map(['motorbike'::2934,'bicycle'::794,'car'::64,'pedestrian'::203])|evacuation_point3;map(['motorbike'::996,'bicycle'::246,'pedestrian'::63,'car'::6])|evacuation_point4;map(['motorbike'::227,'bicycle'::98,'pedestrian'::42,'car'::24])|evacuation_point5;map(['motorbike'::447,'bicycle'::122,'pedestrian'::44,'car'::13])|
0.2909697874355629,44,11520,0.4,0.3,0.3,0.5,0.2,0.2,0.8,0.7,0.4,0.1,2,5,2,5,2,0,2,2,1,1,0.01,0.75,evacuation_point0;map(['motorbike'::1833,'bicycle'::495,'pedestrian'::173,'car'::70])|evacuation_point1;map(['motorbike'::1554,'bicycle'::377,'pedestrian'::114,'car'::16])|evacuation_point2;map(['motorbike'::2677,'bicycle'::716,'pedestrian'::201,'car'::12])|evacuation_point3;map(['motorbike'::1105,'bicycle'::348,'pedestrian'::103,'car'::25])|evacuation_point4;map(['motorbike'::7,'bicycle'::3,'pedestrian'::1])|evacuation_point5;map(['pedestrian'::17,'motorbike'::251,'bicycle'::58])|
0.3471578219682867,45,11640,0.4,0.3,0.3,0.5,0.2,0.2,0.8,0.7,0.4,0.1,2,5,2,5,2,0,2,2,1,1,0.01,0.75,evacuation_point0;map(['motorbike'::2083,'bicycle'::577,'pedestrian'::200,'car'::70])|evacuation_point1;map(['motorbike'::1526,'bicycle'::380,'car'::16,'pedestrian'::108])|evacuation_point2;map(['motorbike'::2475,'bicycle'::637,'pedestrian'::184,'car'::12])|evacuation_point3;map(['motorbike'::1116,'bicycle'::332,'pedestrian'::96,'car'::25])|evacuation_point4;map(['motorbike'::9,'bicycle'::2,'pedestrian'::1])|evacuation_point5;map(['motorbike'::218,'pedestrian'::20,'bicycle'::69])|
0.3531594618333975,57,11640,0.9,0.5,0.1,0.7,0.6,0.9,0.1,0.9,0.5,0.2,3,5,1,0,4,2,4,2,5,2,0.01,0.75,evacuation_point0;map(['motorbike'::1183,'bicycle'::326,'pedestrian'::113,'car'::29])|evacuation_point1;map(['motorbike'::1878,'bicycle'::443,'pedestrian'::116,'car'::14])|evacuation_point2;map(['motorbike'::1766,'bicycle'::502,'pedestrian'::118,'car'::11])|evacuation_point3;map(['motorbike'::1363,'bicycle'::380,'pedestrian'::129,'car'::28])|evacuation_point4;map(['motorbike'::748,'bicycle'::209,'pedestrian'::72,'car'::35])|evacuation_point5;map(['motorbike'::489,'pedestrian'::61,'bicycle'::137,'car'::6])|
0.6003177811765656,47,11760,0.4,0.3,0.3,0.5,0.2,0.2,0.8,0.7,0.4,0.1,2,5,2,5,2,0,2,2,1,1,0.01,0.75,evacuation_point0;map(['motorbike'::1890,'bicycle'::536,'pedestrian'::193,'car'::70])|evacuation_point1;map(['motorbike'::1560,'bicycle'::387,'pedestrian'::120,'car'::16])|evacuation_point2;map(['motorbike'::2524,'bicycle'::673,'pedestrian'::190,'car'::12])|evacuation_point3;map(['motorbike'::1187,'bicycle'::338,'pedestrian'::88,'car'::25])|evacuation_point4;map(['motorbike'::23,'bicycle'::6])|evacuation_point5;map(['motorbike'::243,'pedestrian'::18,'bicycle'::57])|
0.7545445126577717,46,11880,0.4,0.3,0.3,0.5,0.2,0.2,0.8,0.7,0.4,0.1,2,5,2,5,2,0,2,2,1,1,0.01,0.75,evacuation_point0;map(['motorbike'::1944,'bicycle'::553,'pedestrian'::178,'car'::70])|evacuation_point1;map(['motorbike'::1555,'bicycle'::390,'pedestrian'::137,'car'::16])|evacuation_point2;map(['motorbike'::2609,'bicycle'::688,'pedestrian'::196,'car'::12])|evacuation_point3;map(['motorbike'::1084,'bicycle'::305,'pedestrian'::80,'car'::25])|evacuation_point4;map(['bicycle'::2,'motorbike'::6])|evacuation_point5;map(['motorbike'::229,'pedestrian'::18,'bicycle'::59])|
0.1938045099198693,51,11880,0.8,0.3,0.3,0.7,0.2,0.8,0.2,0.9,0.9,0.4,2,4,0,2,3,5,0,0,0,4,0.01,0.75,evacuation_point0;map(['motorbike'::1546,'bicycle'::428,'pedestrian'::124,'car'::16])|evacuation_point1;map(['motorbike'::1621,'bicycle'::426,'pedestrian'::148])|evacuation_point2;map(['motorbike'::2671,'bicycle'::686,'car'::64,'pedestrian'::191])|evacuation_point3;map(['motorbike'::915,'bicycle'::259,'pedestrian'::67,'car'::6])|evacuation_point4;map(['motorbike'::209,'bicycle'::77,'pedestrian'::39,'car'::24])|evacuation_point5;map(['motorbike'::460,'bicycle'::121,'pedestrian'::39,'car'::13])|
0.9837672221651447,50,12360,0.8,0.3,0.3,0.7,0.2,0.8,0.2,0.9,0.9,0.4,2,4,0,2,3,5,0,0,0,4,0.01,0.75,evacuation_point0;map(['motorbike'::1331,'bicycle'::344,'pedestrian'::100,'car'::16])|evacuation_point1;map(['motorbike'::1671,'bicycle'::429,'pedestrian'::155])|evacuation_point2;map(['motorbike'::2794,'bicycle'::745,'pedestrian'::199,'car'::64])|evacuation_point3;map(['motorbike'::779,'bicycle'::224,'pedestrian'::65,'car'::6])|evacuation_point4;map(['motorbike'::420,'bicycle'::127,'pedestrian'::47,'car'::24])|evacuation_point5;map(['motorbike'::427,'bicycle'::128,'pedestrian'::42,'car'::13])|
0.4581801496895034,60,12600,0.9,1.0,0.0,0.7,0.1,0.9,0.8,0.1,0.5,0.7,3,2,4,5,4,2,2,0,4,1,0.01,0.75,evacuation_point0;map(['motorbike'::740,'bicycle'::192,'pedestrian'::68,'car'::45])|evacuation_point1;map(['motorbike'::1738,'bicycle'::441,'pedestrian'::137,'car'::10])|evacuation_point2;map(['motorbike'::2062,'car'::13,'bicycle'::604,'pedestrian'::165])|evacuation_point3;map(['motorbike'::1126,'bicycle'::303,'pedestrian'::90,'car'::13])|evacuation_point4;map(['motorbike'::1218,'bicycle'::301,'pedestrian'::97,'car'::36])|evacuation_point5;map(['pedestrian'::52,'motorbike'::543,'bicycle'::156,'car'::6])|
0.8077968997350072,59,12720,0.9,0.5,0.1,0.7,0.6,0.9,0.1,0.9,0.5,0.2,3,5,1,0,4,2,4,2,5,2,0.01,0.75,evacuation_point0;map(['motorbike'::1390,'bicycle'::399,'pedestrian'::123,'car'::29])|evacuation_point1;map(['motorbike'::1815,'bicycle'::450,'pedestrian'::131,'car'::14])|evacuation_point2;map(['motorbike'::1657,'bicycle'::457,'pedestrian'::107,'car'::11])|evacuation_point3;map(['motorbike'::1331,'bicycle'::347,'pedestrian'::127,'car'::28])|evacuation_point4;map(['motorbike'::728,'bicycle'::208,'pedestrian'::67,'car'::35])|evacuation_point5;map(['motorbike'::506,'pedestrian'::54,'bicycle'::136,'car'::6])|
0.7614211872296941,62,12720,0.9,1.0,0.0,0.7,0.1,0.9,0.8,0.1,0.5,0.7,3,2,4,5,4,2,2,0,4,1,0.01,0.75,evacuation_point0;map(['motorbike'::714,'bicycle'::213,'pedestrian'::74,'car'::45])|evacuation_point1;map(['motorbike'::1758,'bicycle'::487,'pedestrian'::129,'car'::10])|evacuation_point2;map(['motorbike'::2093,'bicycle'::545,'pedestrian'::167,'car'::13])|evacuation_point3;map(['motorbike'::1132,'bicycle'::304,'pedestrian'::73,'car'::13])|evacuation_point4;map(['motorbike'::1152,'bicycle'::280,'car'::36,'pedestrian'::103])|evacuation_point5;map(['motorbike'::578,'pedestrian'::63,'bicycle'::168,'car'::6])|
0.6981459443856526,63,12720,0.9,1.0,0.0,0.7,0.1,0.9,0.8,0.1,0.5,0.7,3,2,4,5,4,2,2,0,4,1,0.01,0.75,evacuation_point0;map(['motorbike'::775,'bicycle'::206,'pedestrian'::66,'car'::45])|evacuation_point1;map(['motorbike'::1736,'bicycle'::473,'pedestrian'::129,'car'::10])|evacuation_point2;map(['motorbike'::2039,'bicycle'::560,'car'::13,'pedestrian'::163])|evacuation_point3;map(['motorbike'::1090,'bicycle'::293,'pedestrian'::96,'car'::13])|evacuation_point4;map(['motorbike'::1231,'bicycle'::296,'car'::36,'pedestrian'::102])|evacuation_point5;map(['motorbike'::556,'pedestrian'::53,'bicycle'::169,'car'::6])|
0.21449110846059638,43,12840,0.2,0.3,0.1,0.6,0.7,0.7,0.9,0.5,0.8,0.4,0,2,3,0,4,2,3,5,4,4,0.01,0.75,evacuation_point0;map(['motorbike'::1128,'bicycle'::331,'pedestrian'::84,'car'::20])|evacuation_point1;map(['motorbike'::1561,'bicycle'::391,'pedestrian'::140])|evacuation_point2;map(['motorbike'::1748,'bicycle'::477,'pedestrian'::136,'car'::16])|evacuation_point3;map(['motorbike'::883,'bicycle'::242,'pedestrian'::67,'car'::15])|evacuation_point4;map(['motorbike'::894,'bicycle'::226,'pedestrian'::87,'car'::32])|evacuation_point5;map(['motorbike'::1213,'bicycle'::330,'car'::40,'pedestrian'::95])|
0.2823547595314113,40,12840,0.2,0.3,0.1,0.6,0.7,0.7,0.9,0.5,0.8,0.4,0,2,3,0,4,2,3,5,4,4,0.01,0.75,evacuation_point0;map(['motorbike'::1126,'bicycle'::364,'pedestrian'::96,'car'::20])|evacuation_point1;map(['motorbike'::1531,'bicycle'::396,'pedestrian'::147])|evacuation_point2;map(['motorbike'::1760,'bicycle'::464,'pedestrian'::122,'car'::16])|evacuation_point3;map(['motorbike'::927,'bicycle'::225,'pedestrian'::69,'car'::15])|evacuation_point4;map(['motorbike'::784,'bicycle'::188,'pedestrian'::73,'car'::32])|evacuation_point5;map(['motorbike'::1299,'bicycle'::360,'car'::40,'pedestrian'::102])|
0.836401681129071,41,12840,0.2,0.3,0.1,0.6,0.7,0.7,0.9,0.5,0.8,0.4,0,2,3,0,4,2,3,5,4,4,0.01,0.75,evacuation_point0;map(['motorbike'::1076,'bicycle'::290,'pedestrian'::99,'car'::20])|evacuation_point1;map(['motorbike'::1489,'bicycle'::414,'pedestrian'::111])|evacuation_point2;map(['motorbike'::1808,'bicycle'::443,'pedestrian'::125,'car'::16])|evacuation_point3;map(['motorbike'::981,'bicycle'::267,'pedestrian'::74,'car'::15])|evacuation_point4;map(['motorbike'::771,'bicycle'::191,'pedestrian'::73,'car'::32])|evacuation_point5;map(['motorbike'::1302,'bicycle'::392,'car'::40,'pedestrian'::127])|
0.9553803368895585,42,12840,0.2,0.3,0.1,0.6,0.7,0.7,0.9,0.5,0.8,0.4,0,2,3,0,4,2,3,5,4,4,0.01,0.75,evacuation_point0;map(['motorbike'::1133,'bicycle'::313,'pedestrian'::80,'car'::20])|evacuation_point1;map(['motorbike'::1485,'bicycle'::392,'pedestrian'::127])|evacuation_point2;map(['motorbike'::1809,'bicycle'::466,'pedestrian'::125,'car'::16])|evacuation_point3;map(['motorbike'::917,'bicycle'::239,'pedestrian'::81,'car'::15])|evacuation_point4;map(['motorbike'::796,'bicycle'::199,'pedestrian'::68,'car'::32])|evacuation_point5;map(['motorbike'::1287,'bicycle'::388,'car'::40,'pedestrian'::128])|
0.3400527910539467,61,12840,0.9,1.0,0.0,0.7,0.1,0.9,0.8,0.1,0.5,0.7,3,2,4,5,4,2,2,0,4,1,0.01,0.75,evacuation_point0;map(['motorbike'::870,'bicycle'::242,'pedestrian'::78,'car'::45])|evacuation_point1;map(['motorbike'::1726,'bicycle'::433,'pedestrian'::131,'car'::10])|evacuation_point2;map(['motorbike'::1965,'bicycle'::546,'car'::13,'pedestrian'::163])|evacuation_point3;map(['motorbike'::1075,'bicycle'::305,'pedestrian'::81,'car'::13])|evacuation_point4;map(['motorbike'::1181,'bicycle'::293,'car'::36,'pedestrian'::91])|evacuation_point5;map(['motorbike'::610,'pedestrian'::65,'bicycle'::178,'car'::6])|
0.9953130885942646,58,12960,0.9,0.5,0.1,0.7,0.6,0.9,0.1,0.9,0.5,0.2,3,5,1,0,4,2,4,2,5,2,0.01,0.75,evacuation_point0;map(['motorbike'::1610,'bicycle'::395,'pedestrian'::136,'car'::29])|evacuation_point1;map(['motorbike'::1911,'bicycle'::493,'pedestrian'::150,'car'::14])|evacuation_point2;map(['motorbike'::1620,'bicycle'::427,'pedestrian'::93,'car'::11])|evacuation_point3;map(['motorbike'::1184,'bicycle'::352,'pedestrian'::121,'car'::28])|evacuation_point4;map(['motorbike'::787,'bicycle'::235,'pedestrian'::64,'car'::35])|evacuation_point5;map(['motorbike'::315,'pedestrian'::45,'bicycle'::95,'car'::6])|
0.7812141158679442,80,8400,0.0,0.1,0.2,0.3,0.0,0.5,0.0,0.9,0.8,0.6,2,5,2,5,2,0,2,2,1,1,0.01,0.75,evacuation_point0;map(['motorbike'::2317,'bicycle'::653,'pedestrian'::209,'car'::70])|evacuation_point1;map(['motorbike'::1399,'bicycle'::338,'pedestrian'::134,'car'::16])|evacuation_point2;map(['motorbike'::2483,'bicycle'::666,'pedestrian'::170,'car'::12])|evacuation_point3;map(['motorbike'::991,'bicycle'::280,'pedestrian'::74,'car'::25])|evacuation_point4;map(['motorbike'::9,'bicycle'::2,'pedestrian'::2])|evacuation_point5;map(['motorbike'::228,'pedestrian'::20,'bicycle'::58])|
0.3327795388551352,82,8640,0.0,0.1,0.2,0.3,0.0,0.5,0.0,0.9,0.8,0.6,2,5,2,5,2,0,2,2,1,1,0.01,0.75,evacuation_point0;map(['motorbike'::2247,'bicycle'::611,'pedestrian'::176,'car'::70])|evacuation_point1;map(['motorbike'::1401,'bicycle'::351,'pedestrian'::125,'car'::16])|evacuation_point2;map(['motorbike'::2488,'bicycle'::665,'pedestrian'::197,'car'::12])|evacuation_point3;map(['pedestrian'::102,'motorbike'::1072,'bicycle'::308,'car'::25])|evacuation_point4;map(['motorbike'::9,'bicycle'::2,'pedestrian'::1])|evacuation_point5;map(['pedestrian'::8,'motorbike'::210,'bicycle'::60])|
0.7163624522722564,81,8640,0.0,0.1,0.2,0.3,0.0,0.5,0.0,0.9,0.8,0.6,2,5,2,5,2,0,2,2,1,1,0.01,0.75,evacuation_point0;map(['motorbike'::2360,'bicycle'::669,'pedestrian'::193,'car'::70])|evacuation_point1;map(['motorbike'::1424,'bicycle'::326,'pedestrian'::129,'car'::16])|evacuation_point2;map(['motorbike'::2331,'bicycle'::638,'pedestrian'::174,'car'::12])|evacuation_point3;map(['bicycle'::311,'motorbike'::1064,'pedestrian'::99,'car'::25])|evacuation_point4;map(['motorbike'::5,'bicycle'::2])|evacuation_point5;map(['motorbike'::243,'pedestrian'::14,'bicycle'::51])|
0.5667375740918997,83,8760,0.0,0.1,0.2,0.3,0.0,0.5,0.0,0.9,0.8,0.6,2,5,2,5,2,0,2,2,1,1,0.01,0.75,evacuation_point0;map(['motorbike'::2245,'bicycle'::620,'pedestrian'::176,'car'::70])|evacuation_point1;map(['motorbike'::1411,'bicycle'::348,'pedestrian'::124,'car'::16])|evacuation_point2;map(['motorbike'::2519,'bicycle'::675,'pedestrian'::196,'car'::12])|evacuation_point3;map(['bicycle'::292,'motorbike'::1044,'pedestrian'::95,'car'::25])|evacuation_point4;map(['motorbike'::6,'pedestrian'::1,'bicycle'::1])|evacuation_point5;map(['pedestrian'::17,'motorbike'::202,'bicycle'::61])|
0.37031957114122405,70,11160,0.2,1.0,0.4,0.8,0.7,0.0,0.1,0.7,0.2,0.4,0,1,5,5,5,2,1,5,4,2,0.01,0.75,evacuation_point0;map(['motorbike'::1155,'bicycle'::331,'pedestrian'::76,'car'::16])|evacuation_point1;map(['motorbike'::2025,'bicycle'::490,'pedestrian'::166,'car'::39])|evacuation_point2;map(['motorbike'::2339,'bicycle'::643,'pedestrian'::199,'car'::5])|evacuation_point3;map(['motorbike'::1526,'bicycle'::414,'pedestrian'::123,'car'::51])|evacuation_point4;map(['motorbike'::68,'bicycle'::16,'pedestrian'::2,'car'::12])|evacuation_point5;map(['motorbike'::314,'pedestrian'::43,'bicycle'::103])|
0.13289645251987237,79,11280,0.9,0.5,0.1,0.7,0.6,0.9,0.1,0.9,0.5,0.2,3,5,1,0,4,2,1,5,4,2,0.01,0.75,evacuation_point0;map(['motorbike'::1256,'bicycle'::323,'pedestrian'::91,'car'::16])|evacuation_point1;map(['motorbike'::1791,'bicycle'::437,'pedestrian'::120,'car'::39])|evacuation_point2;map(['motorbike'::2188,'bicycle'::621,'pedestrian'::201,'car'::11])|evacuation_point3;map(['motorbike'::1529,'bicycle'::425,'pedestrian'::133,'car'::29])|evacuation_point4;map(['motorbike'::270,'bicycle'::81,'pedestrian'::25,'car'::22])|evacuation_point5;map(['motorbike'::393,'pedestrian'::39,'bicycle'::110,'car'::6])|
0.21299639643451695,78,11400,0.9,0.5,0.1,0.7,0.6,0.9,0.1,0.9,0.5,0.2,3,5,1,0,4,2,1,5,4,2,0.01,0.75,evacuation_point0;map(['motorbike'::1339,'bicycle'::379,'pedestrian'::105,'car'::16])|evacuation_point1;map(['motorbike'::1921,'bicycle'::504,'pedestrian'::154,'car'::39])|evacuation_point2;map(['motorbike'::2041,'bicycle'::532,'pedestrian'::159,'car'::11])|evacuation_point3;map(['motorbike'::1409,'bicycle'::387,'pedestrian'::114,'car'::29])|evacuation_point4;map(['motorbike'::277,'bicycle'::76,'pedestrian'::24,'car'::22])|evacuation_point5;map(['pedestrian'::53,'motorbike'::440,'bicycle'::119,'car'::6])|
0.42430611498105997,77,11520,0.9,0.5,0.1,0.7,0.6,0.9,0.1,0.9,0.5,0.2,3,5,1,0,4,2,1,5,4,2,0.01,0.75,evacuation_point0;map(['motorbike'::1285,'bicycle'::359,'pedestrian'::102,'car'::16])|evacuation_point1;map(['motorbike'::1961,'bicycle'::501,'pedestrian'::152,'car'::39])|evacuation_point2;map(['motorbike'::1930,'bicycle'::518,'pedestrian'::143,'car'::11])|evacuation_point3;map(['motorbike'::1644,'bicycle'::440,'pedestrian'::141,'car'::29])|evacuation_point4;map(['motorbike'::239,'bicycle'::64,'pedestrian'::30,'car'::22])|evacuation_point5;map(['motorbike'::368,'pedestrian'::41,'bicycle'::115,'car'::6])|
0.4001612696402358,71,11520,0.2,1.0,0.4,0.8,0.7,0.0,0.1,0.7,0.2,0.4,0,1,5,5,5,2,1,5,4,2,0.01,0.75,evacuation_point0;map(['motorbike'::1228,'bicycle'::310,'pedestrian'::80,'car'::16])|evacuation_point1;map(['motorbike'::1951,'bicycle'::531,'pedestrian'::168,'car'::39])|evacuation_point2;map(['motorbike'::2273,'bicycle'::600,'pedestrian'::183,'car'::5])|evacuation_point3;map(['motorbike'::1572,'bicycle'::437,'pedestrian'::152,'car'::51])|evacuation_point4;map(['motorbike'::74,'bicycle'::15,'car'::12,'pedestrian'::2])|evacuation_point5;map(['pedestrian'::24,'motorbike'::329,'bicycle'::104])|
0.311535187596774,84,11520,0.8,0.8,0.5,0.9,0.7,0.6,0.2,0.5,1.0,0.5,4,1,3,4,5,4,5,3,0,0,0.01,0.75,evacuation_point0;map(['motorbike'::1507,'bicycle'::443,'pedestrian'::130])|evacuation_point1;map(['motorbike'::1752,'bicycle'::435,'pedestrian'::141,'car'::14])|evacuation_point2;map(['motorbike'::1993,'bicycle'::517,'pedestrian'::156,'car'::22])|evacuation_point3;map(['motorbike'::1446,'bicycle'::404,'pedestrian'::103,'car'::38])|evacuation_point4;map(['motorbike'::107,'bicycle'::20,'car'::22,'pedestrian'::10])|evacuation_point5;map(['motorbike'::622,'bicycle'::178,'pedestrian'::69,'car'::27])|
0.8685008989262727,87,11520,0.8,0.8,0.5,0.9,0.7,0.6,0.2,0.5,1.0,0.5,4,1,3,4,5,4,5,3,0,0,0.01,0.75,evacuation_point0;map(['motorbike'::1601,'bicycle'::468,'pedestrian'::136])|evacuation_point1;map(['motorbike'::1776,'bicycle'::431,'pedestrian'::149,'car'::14])|evacuation_point2;map(['motorbike'::1960,'bicycle'::512,'pedestrian'::153,'car'::22])|evacuation_point3;map(['motorbike'::1287,'car'::38,'bicycle'::360,'pedestrian'::98])|evacuation_point4;map(['motorbike'::152,'bicycle'::41,'car'::22,'pedestrian'::14])|evacuation_point5;map(['motorbike'::651,'bicycle'::185,'pedestrian'::59,'car'::27])|
0.817272928117486,66,11640,0.4,0.3,0.7,0.9,0.5,0.7,0.1,0.9,0.6,0.3,5,1,3,1,5,5,5,0,2,3,0.01,0.75,evacuation_point0;map(['motorbike'::1586,'bicycle'::420,'pedestrian'::119,'car'::12])|evacuation_point1;map(['motorbike'::1689,'bicycle'::484,'pedestrian'::160,'car'::25])|evacuation_point2;map(['motorbike'::2098,'bicycle'::531,'pedestrian'::145,'car'::13])|evacuation_point3;map(['motorbike'::1237,'bicycle'::345,'pedestrian'::97,'car'::49])|evacuation_point4;map(['motorbike'::37,'bicycle'::8])|evacuation_point5;map(['motorbike'::780,'pedestrian'::88,'bicycle'::209,'car'::24])|
0.2445969674857421,68,11640,0.2,1.0,0.4,0.8,0.7,0.0,0.1,0.7,0.2,0.4,0,1,5,5,5,2,1,5,4,2,0.01,0.75,evacuation_point0;map(['motorbike'::1119,'bicycle'::313,'pedestrian'::69,'car'::16])|evacuation_point1;map(['motorbike'::1981,'bicycle'::552,'pedestrian'::177,'car'::39])|evacuation_point2;map(['motorbike'::2400,'bicycle'::618,'pedestrian'::197,'car'::5])|evacuation_point3;map(['motorbike'::1450,'bicycle'::383,'car'::51,'pedestrian'::121])|evacuation_point4;map(['motorbike'::51,'bicycle'::13,'car'::12])|evacuation_point5;map(['pedestrian'::45,'motorbike'::426,'bicycle'::118])|
0.4499998999758621,86,11640,0.8,0.8,0.5,0.9,0.7,0.6,0.2,0.5,1.0,0.5,4,1,3,4,5,4,5,3,0,0,0.01,0.75,evacuation_point0;map(['motorbike'::1394,'bicycle'::405,'pedestrian'::136])|evacuation_point1;map(['motorbike'::1836,'bicycle'::476,'pedestrian'::127,'car'::14])|evacuation_point2;map(['motorbike'::2091,'bicycle'::532,'pedestrian'::166,'car'::22])|evacuation_point3;map(['motorbike'::1323,'bicycle'::365,'pedestrian'::112,'car'::38])|evacuation_point4;map(['motorbike'::123,'bicycle'::40,'pedestrian'::13,'car'::22])|evacuation_point5;map(['motorbike'::660,'bicycle'::179,'pedestrian'::55,'car'::27])|
0.4924916295962911,76,11760,0.9,0.5,0.1,0.7,0.6,0.9,0.1,0.9,0.5,0.2,3,5,1,0,4,2,1,5,4,2,0.01,0.75,evacuation_point0;map(['motorbike'::1066,'bicycle'::294,'pedestrian'::71,'car'::16])|evacuation_point1;map(['motorbike'::1956,'bicycle'::495,'pedestrian'::149,'car'::39])|evacuation_point2;map(['motorbike'::2164,'bicycle'::589,'pedestrian'::181,'car'::11])|evacuation_point3;map(['motorbike'::1477,'bicycle'::398,'pedestrian'::116,'car'::29])|evacuation_point4;map(['motorbike'::321,'bicycle'::100,'pedestrian'::36,'car'::22])|evacuation_point5;map(['motorbike'::443,'pedestrian'::56,'bicycle'::121,'car'::6])|
0.5297634742584926,85,11880,0.8,0.8,0.5,0.9,0.7,0.6,0.2,0.5,1.0,0.5,4,1,3,4,5,4,5,3,0,0,0.01,0.75,evacuation_point0;map(['motorbike'::1603,'bicycle'::424,'pedestrian'::102])|evacuation_point1;map(['motorbike'::1738,'bicycle'::460,'pedestrian'::163,'car'::14])|evacuation_point2;map(['motorbike'::2079,'bicycle'::547,'pedestrian'::167,'car'::22])|evacuation_point3;map(['motorbike'::1279,'bicycle'::353,'pedestrian'::98,'car'::38])|evacuation_point4;map(['motorbike'::114,'bicycle'::29,'pedestrian'::9,'car'::22])|evacuation_point5;map(['motorbike'::614,'bicycle'::184,'pedestrian'::70,'car'::27])|
0.49134442609302154,73,12240,0.8,0.8,0.5,0.9,0.7,0.6,0.2,0.5,1.0,0.5,4,0,4,2,2,4,2,2,3,0,0.01,0.75,evacuation_point0;map(['motorbike'::2397,'bicycle'::619,'pedestrian'::197,'car'::62])|evacuation_point1;map(['motorbike'::1752,'bicycle'::501,'pedestrian'::166])|evacuation_point2;map(['motorbike'::1781,'bicycle'::478,'pedestrian'::142,'car'::24])|evacuation_point3;map(['motorbike'::928,'bicycle'::241,'pedestrian'::43])|evacuation_point4;map(['motorbike'::87,'bicycle'::13,'pedestrian'::6,'car'::25])|evacuation_point5;map(['motorbike'::482,'pedestrian'::55,'bicycle'::145,'car'::12])|
0.11619534627340822,64,12600,0.4,0.3,0.7,0.9,0.5,0.7,0.1,0.9,0.6,0.3,5,1,3,1,5,5,5,0,2,3,0.01,0.75,evacuation_point0;map(['motorbike'::1567,'bicycle'::404,'pedestrian'::151,'car'::12])|evacuation_point1;map(['motorbike'::1793,'bicycle'::499,'pedestrian'::151,'car'::25])|evacuation_point2;map(['motorbike'::2077,'bicycle'::538,'pedestrian'::136,'car'::13])|evacuation_point3;map(['motorbike'::1159,'bicycle'::330,'pedestrian'::101,'car'::49])|evacuation_point4;map(['motorbike'::35,'bicycle'::9])|evacuation_point5;map(['motorbike'::796,'bicycle'::217,'pedestrian'::70,'car'::24])|
0.03333433554351006,75,12720,0.8,0.8,0.5,0.9,0.7,0.6,0.2,0.5,1.0,0.5,4,0,4,2,2,4,2,2,3,0,0.01,0.75,evacuation_point0;map(['motorbike'::2657,'bicycle'::719,'pedestrian'::239,'car'::62])|evacuation_point1;map(['motorbike'::1531,'bicycle'::402,'pedestrian'::113])|evacuation_point2;map(['motorbike'::1719,'bicycle'::485,'pedestrian'::127,'car'::24])|evacuation_point3;map(['motorbike'::1053,'bicycle'::259,'pedestrian'::72])|evacuation_point4;map(['motorbike'::95,'bicycle'::16,'pedestrian'::5,'car'::25])|evacuation_point5;map(['pedestrian'::53,'motorbike'::372,'bicycle'::116,'car'::12])|
0.1205004874345662,67,12720,0.4,0.3,0.7,0.9,0.5,0.7,0.1,0.9,0.6,0.3,5,1,3,1,5,5,5,0,2,3,0.01,0.75,evacuation_point0;map(['motorbike'::1438,'bicycle'::409,'pedestrian'::112,'car'::12])|evacuation_point1;map(['motorbike'::1822,'bicycle'::506,'pedestrian'::154,'car'::25])|evacuation_point2;map(['motorbike'::2063,'bicycle'::505,'pedestrian'::156,'car'::13])|evacuation_point3;map(['motorbike'::1283,'bicycle'::367,'pedestrian'::115,'car'::49])|evacuation_point4;map(['motorbike'::37,'bicycle'::8])|evacuation_point5;map(['motorbike'::784,'bicycle'::202,'pedestrian'::72,'car'::24])|
0.6116355987974833,69,12840,0.2,1.0,0.4,0.8,0.7,0.0,0.1,0.7,0.2,0.4,0,1,5,5,5,2,1,5,4,2,0.01,0.75,evacuation_point0;map(['motorbike'::1312,'bicycle'::342,'pedestrian'::86,'car'::16])|evacuation_point1;map(['motorbike'::1922,'bicycle'::491,'pedestrian'::169,'car'::39])|evacuation_point2;map(['motorbike'::2315,'bicycle'::638,'pedestrian'::199,'car'::5])|evacuation_point3;map(['motorbike'::1566,'bicycle'::454,'car'::51,'pedestrian'::119])|evacuation_point4;map(['motorbike'::84,'bicycle'::19,'pedestrian'::4,'car'::12])|evacuation_point5;map(['motorbike'::228,'pedestrian'::32,'bicycle'::53])|
0.8387336805567818,72,12960,0.8,0.8,0.5,0.9,0.7,0.6,0.2,0.5,1.0,0.5,4,0,4,2,2,4,2,2,3,0,0.01,0.75,evacuation_point0;map(['motorbike'::2545,'bicycle'::674,'pedestrian'::224,'car'::62])|evacuation_point1;map(['motorbike'::1681,'bicycle'::469,'pedestrian'::144])|evacuation_point2;map(['motorbike'::1871,'bicycle'::504,'pedestrian'::129,'car'::24])|evacuation_point3;map(['motorbike'::832,'bicycle'::216,'pedestrian'::62])|evacuation_point4;map(['motorbike'::61,'bicycle'::15,'pedestrian'::6,'car'::25])|evacuation_point5;map(['motorbike'::437,'pedestrian'::44,'bicycle'::119,'car'::12])|
0.8766801524103925,74,12960,0.8,0.8,0.5,0.9,0.7,0.6,0.2,0.5,1.0,0.5,4,0,4,2,2,4,2,2,3,0,0.01,0.75,evacuation_point0;map(['motorbike'::2761,'bicycle'::768,'pedestrian'::216,'car'::62])|evacuation_point1;map(['motorbike'::1642,'bicycle'::486,'pedestrian'::153])|evacuation_point2;map(['motorbike'::1633,'bicycle'::417,'pedestrian'::119,'car'::24])|evacuation_point3;map(['motorbike'::1091,'bicycle'::249,'pedestrian'::85])|evacuation_point4;map(['motorbike'::89,'bicycle'::17,'pedestrian'::4,'car'::25])|evacuation_point5;map(['motorbike'::211,'pedestrian'::32,'bicycle'::60,'car'::12])|
0.9896636255475869,65,13200,0.4,0.3,0.7,0.9,0.5,0.7,0.1,0.9,0.6,0.3,5,1,3,1,5,5,5,0,2,3,0.01,0.75,evacuation_point0;map(['motorbike'::1441,'bicycle'::334,'pedestrian'::104,'car'::12])|evacuation_point1;map(['motorbike'::1786,'bicycle'::519,'pedestrian'::157,'car'::25])|evacuation_point2;map(['motorbike'::2187,'bicycle'::586,'pedestrian'::174,'car'::13])|evacuation_point3;map(['motorbike'::1141,'bicycle'::330,'pedestrian'::90,'car'::49])|evacuation_point4;map(['motorbike'::38,'bicycle'::10])|evacuation_point5;map(['motorbike'::834,'pedestrian'::84,'bicycle'::218,'car'::24])|
0.24973753027117307,92,10800,0.0,0.1,0.2,0.3,0.0,0.5,0.0,0.9,0.8,0.6,3,0,4,2,2,4,2,2,3,0,0.01,0.75,evacuation_point0;map(['motorbike'::2002,'bicycle'::547,'pedestrian'::158,'car'::62])|evacuation_point1;map(['motorbike'::1464,'bicycle'::366,'pedestrian'::123])|evacuation_point2;map(['motorbike'::2006,'bicycle'::584,'pedestrian'::155,'car'::24])|evacuation_point3;map(['motorbike'::1073,'bicycle'::313,'pedestrian'::84])|evacuation_point4;map(['motorbike'::149,'bicycle'::34,'pedestrian'::12,'car'::20])|evacuation_point5;map(['motorbike'::733,'pedestrian'::77,'bicycle'::153,'car'::17])|
0.18951356221729654,93,10800,0.0,0.1,0.2,0.3,0.0,0.5,0.0,0.9,0.8,0.6,3,0,4,2,2,4,2,2,3,0,0.01,0.75,evacuation_point0;map(['motorbike'::2226,'bicycle'::556,'pedestrian'::161,'car'::62])|evacuation_point1;map(['motorbike'::1433,'bicycle'::387,'pedestrian'::120])|evacuation_point2;map(['motorbike'::1729,'bicycle'::481,'pedestrian'::132,'car'::24])|evacuation_point3;map(['motorbike'::1414,'bicycle'::391,'pedestrian'::108])|evacuation_point4;map(['motorbike'::139,'bicycle'::41,'pedestrian'::13,'car'::20])|evacuation_point5;map(['motorbike'::486,'pedestrian'::75,'bicycle'::141,'car'::17])|
7.625809778519788E-4,95,10800,0.0,0.1,0.2,0.3,0.0,0.5,0.0,0.9,0.8,0.6,3,0,4,2,2,4,2,2,3,0,0.01,0.75,evacuation_point0;map(['motorbike'::2158,'bicycle'::555,'pedestrian'::200,'car'::62])|evacuation_point1;map(['motorbike'::1408,'bicycle'::381,'pedestrian'::107])|evacuation_point2;map(['motorbike'::1843,'bicycle'::529,'pedestrian'::146,'car'::24])|evacuation_point3;map(['motorbike'::1407,'bicycle'::413,'pedestrian'::108])|evacuation_point4;map(['motorbike'::22,'bicycle'::6,'car'::20,'pedestrian'::2])|evacuation_point5;map(['motorbike'::589,'pedestrian'::46,'bicycle'::113,'car'::17])|
0.09710414079785712,94,10800,0.0,0.1,0.2,0.3,0.0,0.5,0.0,0.9,0.8,0.6,3,0,4,2,2,4,2,2,3,0,0.01,0.75,evacuation_point0;map(['motorbike'::1994,'bicycle'::538,'pedestrian'::150,'car'::62])|evacuation_point1;map(['motorbike'::1222,'bicycle'::311,'pedestrian'::105])|evacuation_point2;map(['motorbike'::1808,'bicycle'::491,'pedestrian'::155,'car'::24])|evacuation_point3;map(['motorbike'::1350,'bicycle'::403,'pedestrian'::104])|evacuation_point4;map(['motorbike'::310,'bicycle'::96,'car'::20,'pedestrian'::19])|evacuation_point5;map(['motorbike'::743,'pedestrian'::76,'bicycle'::158,'car'::17])|
0.40201886463965353,101,11520,0.2,1.0,0.4,0.8,0.7,0.0,0.1,0.7,0.2,0.4,0,1,5,5,5,2,4,2,5,2,0.01,0.75,evacuation_point0;map(['motorbike'::1149,'bicycle'::322,'pedestrian'::92,'car'::29])|evacuation_point1;map(['motorbike'::1934,'bicycle'::515,'pedestrian'::150,'car'::14])|evacuation_point2;map(['motorbike'::2161,'bicycle'::564,'pedestrian'::188,'car'::5])|evacuation_point3;map(['motorbike'::1486,'bicycle'::395,'pedestrian'::125,'car'::50])|evacuation_point4;map(['motorbike'::295,'bicycle'::91,'pedestrian'::27,'car'::25])|evacuation_point5;map(['motorbike'::402,'pedestrian'::27,'bicycle'::110])|
0.6603662976439104,100,11520,0.2,1.0,0.4,0.8,0.7,0.0,0.1,0.7,0.2,0.4,0,1,5,5,5,2,4,2,5,2,0.01,0.75,evacuation_point0;map(['motorbike'::1415,'bicycle'::377,'pedestrian'::97,'car'::29])|evacuation_point1;map(['motorbike'::1924,'bicycle'::509,'pedestrian'::152,'car'::14])|evacuation_point2;map(['motorbike'::2053,'bicycle'::569,'pedestrian'::180,'car'::5])|evacuation_point3;map(['motorbike'::1543,'bicycle'::414,'car'::50,'pedestrian'::142])|evacuation_point4;map(['motorbike'::105,'bicycle'::26,'car'::25,'pedestrian'::1])|evacuation_point5;map(['pedestrian'::37,'motorbike'::387,'bicycle'::102])|
0.04799075433052369,111,11640,0.4,0.3,0.3,0.5,0.2,0.2,0.8,0.7,0.4,0.1,3,1,3,4,5,4,5,3,0,0,0.01,0.75,evacuation_point0;map(['motorbike'::1118,'bicycle'::299,'pedestrian'::88])|evacuation_point1;map(['motorbike'::1444,'bicycle'::368,'pedestrian'::121,'car'::14])|evacuation_point2;map(['motorbike'::2280,'bicycle'::583,'pedestrian'::175,'car'::22])|evacuation_point3;map(['motorbike'::1482,'bicycle'::430,'pedestrian'::143,'car'::38])|evacuation_point4;map(['motorbike'::129,'bicycle'::36,'pedestrian'::3,'car'::17])|evacuation_point5;map(['motorbike'::974,'pedestrian'::79,'bicycle'::281,'car'::32])|
0.02730612275105293,109,11640,0.4,0.3,0.3,0.5,0.2,0.2,0.8,0.7,0.4,0.1,3,1,3,4,5,4,5,3,0,0,0.01,0.75,evacuation_point0;map(['motorbike'::1097,'bicycle'::304,'pedestrian'::90])|evacuation_point1;map(['motorbike'::1464,'bicycle'::377,'pedestrian'::123,'car'::14])|evacuation_point2;map(['motorbike'::2239,'bicycle'::573,'pedestrian'::169,'car'::22])|evacuation_point3;map(['motorbike'::1484,'bicycle'::410,'pedestrian'::125,'car'::38])|evacuation_point4;map(['motorbike'::167,'bicycle'::48,'car'::17,'pedestrian'::7])|evacuation_point5;map(['motorbike'::976,'pedestrian'::95,'bicycle'::285,'car'::32])|
0.8123189463225782,110,11640,0.4,0.3,0.3,0.5,0.2,0.2,0.8,0.7,0.4,0.1,3,1,3,4,5,4,5,3,0,0,0.01,0.75,evacuation_point0;map(['motorbike'::1117,'bicycle'::333,'pedestrian'::97])|evacuation_point1;map(['motorbike'::1457,'bicycle'::351,'pedestrian'::115,'car'::14])|evacuation_point2;map(['motorbike'::2321,'bicycle'::594,'pedestrian'::170,'car'::22])|evacuation_point3;map(['motorbike'::1502,'bicycle'::424,'pedestrian'::125,'car'::38])|evacuation_point4;map(['motorbike'::153,'bicycle'::43,'pedestrian'::9,'car'::17])|evacuation_point5;map(['motorbike'::877,'pedestrian'::93,'bicycle'::252,'car'::32])|
0.1279637043137848,107,11880,0.8,0.8,0.5,0.9,0.7,0.6,0.2,0.5,1.0,0.5,4,0,4,2,2,4,0,0,0,4,0.01,0.75,evacuation_point0;map(['motorbike'::1958,'bicycle'::542,'pedestrian'::178,'car'::24])|evacuation_point1;map(['motorbike'::1771,'bicycle'::462,'pedestrian'::162])|evacuation_point2;map(['motorbike'::2661,'bicycle'::710,'car'::64,'pedestrian'::196])|evacuation_point3;map(['motorbike'::695,'bicycle'::188,'pedestrian'::52])|evacuation_point4;map(['motorbike'::147,'bicycle'::32,'pedestrian'::8,'car'::35])|evacuation_point5;map(['motorbike'::195,'pedestrian'::13,'bicycle'::63])|
0.26297236196663787,88,11880,0.4,0.3,0.7,0.9,0.5,0.7,0.1,0.9,0.6,0.3,5,1,3,1,5,5,5,0,2,3,0.01,0.75,evacuation_point0;map(['motorbike'::1187,'bicycle'::303,'pedestrian'::95,'car'::12])|evacuation_point1;map(['motorbike'::1801,'bicycle'::519,'pedestrian'::137,'car'::25])|evacuation_point2;map(['motorbike'::2314,'bicycle'::604,'pedestrian'::195,'car'::13])|evacuation_point3;map(['motorbike'::1280,'bicycle'::344,'pedestrian'::116,'car'::49])|evacuation_point4;map(['motorbike'::41,'bicycle'::11])|evacuation_point5;map(['motorbike'::804,'pedestrian'::66,'bicycle'::216,'car'::24])|
0.5401616054647621,89,11880,0.4,0.3,0.7,0.9,0.5,0.7,0.1,0.9,0.6,0.3,5,1,3,1,5,5,5,0,2,3,0.01,0.75,evacuation_point0;map(['motorbike'::1615,'bicycle'::423,'pedestrian'::128,'car'::12])|evacuation_point1;map(['motorbike'::1851,'bicycle'::500,'pedestrian'::175,'car'::25])|evacuation_point2;map(['motorbike'::1884,'bicycle'::506,'pedestrian'::135,'car'::13])|evacuation_point3;map(['motorbike'::1205,'bicycle'::331,'pedestrian'::103,'car'::49])|evacuation_point4;map(['motorbike'::42,'bicycle'::11])|evacuation_point5;map(['motorbike'::830,'pedestrian'::68,'bicycle'::226,'car'::24])|
0.9272276765220876,96,12000,0.9,1.0,0.0,0.7,0.1,0.9,0.8,0.1,0.5,0.7,3,2,4,5,4,2,2,0,4,1,0.01,0.75,evacuation_point0;map(['motorbike'::867,'bicycle'::241,'pedestrian'::87,'car'::45])|evacuation_point1;map(['motorbike'::1804,'bicycle'::481,'pedestrian'::149,'car'::10])|evacuation_point2;map(['motorbike'::2016,'bicycle'::534,'car'::13,'pedestrian'::146])|evacuation_point3;map(['motorbike'::996,'bicycle'::276,'pedestrian'::70,'car'::13])|evacuation_point4;map(['motorbike'::1157,'bicycle'::296,'pedestrian'::90,'car'::36])|evacuation_point5;map(['motorbike'::587,'pedestrian'::67,'bicycle'::169,'car'::6])|
0.7246150872537549,105,12000,0.8,0.8,0.5,0.9,0.7,0.6,0.2,0.5,1.0,0.5,4,0,4,2,2,4,0,0,0,4,0.01,0.75,evacuation_point0;map(['motorbike'::1765,'bicycle'::481,'pedestrian'::154,'car'::24])|evacuation_point1;map(['motorbike'::1743,'bicycle'::456,'pedestrian'::147])|evacuation_point2;map(['motorbike'::2616,'bicycle'::705,'car'::64,'pedestrian'::192])|evacuation_point3;map(['motorbike'::937,'bicycle'::248,'pedestrian'::81])|evacuation_point4;map(['motorbike'::126,'pedestrian'::15,'bicycle'::37,'car'::35])|evacuation_point5;map(['motorbike'::240,'pedestrian'::20,'bicycle'::70])|
0.28282604364024766,108,12120,0.4,0.3,0.3,0.5,0.2,0.2,0.8,0.7,0.4,0.1,3,1,3,4,5,4,5,3,0,0,0.01,0.75,evacuation_point0;map(['motorbike'::1103,'bicycle'::323,'pedestrian'::102])|evacuation_point1;map(['motorbike'::1545,'bicycle'::366,'pedestrian'::111,'car'::14])|evacuation_point2;map(['motorbike'::2303,'bicycle'::618,'pedestrian'::182,'car'::22])|evacuation_point3;map(['motorbike'::1322,'bicycle'::361,'pedestrian'::121,'car'::38])|evacuation_point4;map(['motorbike'::213,'bicycle'::69,'pedestrian'::17,'car'::17])|evacuation_point5;map(['pedestrian'::76,'motorbike'::941,'bicycle'::260,'car'::32])|
0.823190331911938,99,12600,0.9,1.0,0.0,0.7,0.1,0.9,0.8,0.1,0.5,0.7,3,2,4,5,4,2,2,0,4,1,0.01,0.75,evacuation_point0;map(['motorbike'::901,'bicycle'::249,'pedestrian'::94,'car'::45])|evacuation_point1;map(['motorbike'::1768,'bicycle'::455,'pedestrian'::135,'car'::10])|evacuation_point2;map(['motorbike'::1984,'bicycle'::561,'car'::13,'pedestrian'::161])|evacuation_point3;map(['motorbike'::1076,'bicycle'::279,'pedestrian'::77,'car'::13])|evacuation_point4;map(['motorbike'::1161,'bicycle'::290,'pedestrian'::85,'car'::36])|evacuation_point5;map(['motorbike'::537,'pedestrian'::57,'bicycle'::163,'car'::6])|
0.15257729424568733,103,12840,0.2,1.0,0.4,0.8,0.7,0.0,0.1,0.7,0.2,0.4,0,1,5,5,5,2,4,2,5,2,0.01,0.75,evacuation_point0;map(['motorbike'::1191,'bicycle'::326,'pedestrian'::83,'car'::29])|evacuation_point1;map(['motorbike'::1936,'bicycle'::518,'pedestrian'::142,'car'::14])|evacuation_point2;map(['motorbike'::2235,'bicycle'::600,'pedestrian'::192,'car'::5])|evacuation_point3;map(['motorbike'::1609,'bicycle'::448,'car'::50,'pedestrian'::160])|evacuation_point4;map(['motorbike'::255,'bicycle'::65,'pedestrian'::23,'car'::25])|evacuation_point5;map(['pedestrian'::9,'motorbike'::201,'bicycle'::40])|
0.9667986330909975,98,13080,0.9,1.0,0.0,0.7,0.1,0.9,0.8,0.1,0.5,0.7,3,2,4,5,4,2,2,0,4,1,0.01,0.75,evacuation_point0;map(['motorbike'::890,'pedestrian'::77,'bicycle'::254,'car'::45])|evacuation_point1;map(['motorbike'::1850,'bicycle'::514,'pedestrian'::133,'car'::10])|evacuation_point2;map(['motorbike'::1893,'bicycle'::518,'car'::13,'pedestrian'::182])|evacuation_point3;map(['motorbike'::1132,'bicycle'::281,'pedestrian'::79,'car'::13])|evacuation_point4;map(['motorbike'::1114,'bicycle'::263,'pedestrian'::85,'car'::36])|evacuation_point5;map(['motorbike'::548,'pedestrian'::53,'bicycle'::167,'car'::6])|
0.6252772170365992,104,13200,0.8,0.8,0.5,0.9,0.7,0.6,0.2,0.5,1.0,0.5,4,0,4,2,2,4,0,0,0,4,0.01,0.75,evacuation_point0;map(['motorbike'::1555,'bicycle'::434,'pedestrian'::136,'car'::24])|evacuation_point1;map(['motorbike'::1880,'bicycle'::464,'pedestrian'::172])|evacuation_point2;map(['motorbike'::2667,'bicycle'::713,'car'::64,'pedestrian'::197])|evacuation_point3;map(['motorbike'::923,'bicycle'::290,'pedestrian'::75])|evacuation_point4;map(['motorbike'::144,'bicycle'::33,'pedestrian'::8,'car'::35])|evacuation_point5;map(['motorbike'::258,'pedestrian'::21,'bicycle'::63])|
0.5310734838674886,106,13800,0.8,0.8,0.5,0.9,0.7,0.6,0.2,0.5,1.0,0.5,4,0,4,2,2,4,0,0,0,4,0.01,0.75,evacuation_point0;map(['motorbike'::1497,'bicycle'::391,'pedestrian'::146,'car'::24])|evacuation_point1;map(['motorbike'::1777,'bicycle'::481,'pedestrian'::157])|evacuation_point2;map(['motorbike'::2798,'bicycle'::743,'car'::64,'pedestrian'::206])|evacuation_point3;map(['motorbike'::990,'bicycle'::279,'pedestrian'::67])|evacuation_point4;map(['motorbike'::126,'bicycle'::36,'pedestrian'::12,'car'::35])|evacuation_point5;map(['motorbike'::239,'pedestrian'::21,'bicycle'::67])|
0.6271726042160101,91,13920,0.4,0.3,0.7,0.9,0.5,0.7,0.1,0.9,0.6,0.3,5,1,3,1,5,5,5,0,2,3,0.01,0.75,evacuation_point0;map(['motorbike'::1885,'bicycle'::491,'pedestrian'::122,'car'::12])|evacuation_point1;map(['motorbike'::1982,'bicycle'::550,'pedestrian'::179,'car'::25])|evacuation_point2;map(['motorbike'::1501,'bicycle'::386,'pedestrian'::131,'car'::13])|evacuation_point3;map(['motorbike'::1189,'bicycle'::344,'pedestrian'::102,'car'::49])|evacuation_point4;map(['motorbike'::36,'bicycle'::9])|evacuation_point5;map(['motorbike'::834,'bicycle'::217,'pedestrian'::75,'car'::24])|
0.40204308845390246,90,14160,0.4,0.3,0.7,0.9,0.5,0.7,0.1,0.9,0.6,0.3,5,1,3,1,5,5,5,0,2,3,0.01,0.75,evacuation_point0;map(['motorbike'::1405,'bicycle'::414,'pedestrian'::109,'car'::12])|evacuation_point1;map(['motorbike'::1780,'bicycle'::453,'pedestrian'::134,'car'::25])|evacuation_point2;map(['motorbike'::2243,'bicycle'::590,'pedestrian'::194,'car'::13])|evacuation_point3;map(['motorbike'::1159,'car'::49,'bicycle'::323,'pedestrian'::101])|evacuation_point4;map(['motorbike'::36,'bicycle'::8])|evacuation_point5;map(['motorbike'::804,'pedestrian'::71,'bicycle'::209,'car'::24])|
0.5508929467679397,102,14280,0.2,1.0,0.4,0.8,0.7,0.0,0.1,0.7,0.2,0.4,0,1,5,5,5,2,4,2,5,2,0.01,0.75,evacuation_point0;map(['motorbike'::1298,'bicycle'::361,'pedestrian'::90,'car'::29])|evacuation_point1;map(['motorbike'::1933,'bicycle'::536,'pedestrian'::170,'car'::14])|evacuation_point2;map(['motorbike'::2163,'bicycle'::548,'pedestrian'::175,'car'::5])|evacuation_point3;map(['motorbike'::1531,'bicycle'::421,'car'::50,'pedestrian'::131])|evacuation_point4;map(['motorbike'::240,'bicycle'::57,'pedestrian'::12,'car'::25])|evacuation_point5;map(['pedestrian'::31,'motorbike'::262,'bicycle'::74])|
0.9309401402728328,97,14520,0.9,1.0,0.0,0.7,0.1,0.9,0.8,0.1,0.5,0.7,3,2,4,5,4,2,2,0,4,1,0.01,0.75,evacuation_point0;map(['motorbike'::944,'bicycle'::267,'pedestrian'::85,'car'::45])|evacuation_point1;map(['motorbike'::1782,'bicycle'::514,'pedestrian'::156,'car'::10])|evacuation_point2;map(['motorbike'::1940,'bicycle'::493,'car'::13,'pedestrian'::151])|evacuation_point3;map(['motorbike'::1023,'bicycle'::268,'pedestrian'::69,'car'::13])|evacuation_point4;map(['motorbike'::1192,'bicycle'::300,'pedestrian'::94,'car'::36])|evacuation_point5;map(['pedestrian'::54,'motorbike'::546,'bicycle'::155,'car'::6])|
