17.0,0,10440,1.0,1.0,0.01,0.75,evacuation_point0;map(['motorbike'::1627,'bicycle'::397,'car'::4,'pedestrian'::123])|evacuation_point1;map(['motorbike'::1810,'bicycle'::539,'pedestrian'::176,'car'::55])|evacuation_point2;map(['motorbike'::2442,'bicycle'::623,'car'::34,'pedestrian'::178])|evacuation_point3;map(['motorbike'::1417,'car'::29,'bicycle'::402,'pedestrian'::118])|evacuation_point4;map(['motorbike'::31,'bicycle'::8])|evacuation_point5;map(['motorbike'::95,'bicycle'::28,'car'::1,'pedestrian'::13])|
19.0,0,10560,1.0,1.0,0.01,0.75,evacuation_point0;map(['motorbike'::1505,'bicycle'::393,'pedestrian'::130,'car'::4])|evacuation_point1;map(['motorbike'::1789,'bicycle'::495,'pedestrian'::143,'car'::55])|evacuation_point2;map(['motorbike'::2596,'bicycle'::675,'pedestrian'::204,'car'::34])|evacuation_point3;map(['motorbike'::1405,'bicycle'::398,'car'::29,'pedestrian'::118])|evacuation_point4;map(['motorbike'::32,'bicycle'::8])|evacuation_point5;map(['motorbike'::95,'pedestrian'::13,'bicycle'::28,'car'::1])|
21.0,0,10680,1.0,1.0,0.01,0.75,evacuation_point0;map(['motorbike'::1496,'bicycle'::406,'pedestrian'::130,'car'::4])|evacuation_point1;map(['motorbike'::1890,'bicycle'::521,'pedestrian'::157,'car'::55])|evacuation_point2;map(['motorbike'::2503,'bicycle'::636,'pedestrian'::190,'car'::34])|evacuation_point3;map(['motorbike'::1407,'pedestrian'::118,'bicycle'::398,'car'::29])|evacuation_point4;map(['bicycle'::8,'motorbike'::31])|evacuation_point5;map(['motorbike'::95,'bicycle'::28,'pedestrian'::13,'car'::1])|
24.0,0,10800,1.0,1.0,0.01,0.75,evacuation_point0;map(['motorbike'::1579,'bicycle'::442,'pedestrian'::117,'car'::4])|evacuation_point1;map(['motorbike'::1891,'bicycle'::507,'pedestrian'::178,'car'::55])|evacuation_point2;map(['motorbike'::2415,'bicycle'::614,'pedestrian'::182,'car'::34])|evacuation_point3;map(['motorbike'::1411,'pedestrian'::118,'car'::29,'bicycle'::398])|evacuation_point4;map(['motorbike'::31,'bicycle'::8])|evacuation_point5;map(['motorbike'::95,'bicycle'::28,'pedestrian'::13,'car'::1])|
1.0,0,11040,1.0,1.0,0.01,0.75,evacuation_point0;map(['motorbike'::1193,'bicycle'::319,'pedestrian'::96,'car'::4])|evacuation_point1;map(['motorbike'::1908,'bicycle'::519,'pedestrian'::165,'car'::55])|evacuation_point2;map(['bicycle'::724,'motorbike'::2787,'car'::34,'pedestrian'::216])|evacuation_point3;map(['motorbike'::1408,'bicycle'::399,'pedestrian'::118,'car'::29])|evacuation_point4;map(['motorbike'::31,'bicycle'::8])|evacuation_point5;map(['bicycle'::28,'motorbike'::95,'pedestrian'::13,'car'::1])|
3.0,0,11280,1.0,1.0,0.01,0.75,evacuation_point0;map(['motorbike'::1473,'bicycle'::386,'pedestrian'::120,'car'::4])|evacuation_point1;map(['motorbike'::1926,'pedestrian'::168,'bicycle'::541,'car'::55])|evacuation_point2;map(['motorbike'::2491,'bicycle'::636,'pedestrian'::189,'car'::34])|evacuation_point3;map(['motorbike'::1404,'bicycle'::398,'car'::29,'pedestrian'::118])|evacuation_point4;map(['motorbike'::32,'bicycle'::8])|evacuation_point5;map(['bicycle'::28,'motorbike'::96,'pedestrian'::13,'car'::1])|
23.0,0,11160,1.0,1.0,0.01,0.75,evacuation_point0;map(['motorbike'::1412,'bicycle'::353,'pedestrian'::109,'car'::4])|evacuation_point1;map(['motorbike'::1962,'bicycle'::554,'pedestrian'::173,'car'::55])|evacuation_point2;map(['motorbike'::2510,'bicycle'::655,'pedestrian'::195,'car'::34])|evacuation_point3;map(['motorbike'::1412,'bicycle'::399,'pedestrian'::118,'car'::29])|evacuation_point4;map(['motorbike'::31,'bicycle'::8])|evacuation_point5;map(['motorbike'::95,'bicycle'::28,'pedestrian'::13,'car'::1])|
5.0,0,11280,1.0,1.0,0.01,0.75,evacuation_point0;map(['motorbike'::1459,'bicycle'::386,'pedestrian'::116,'car'::4])|evacuation_point1;map(['motorbike'::1969,'bicycle'::552,'pedestrian'::175,'car'::55])|evacuation_point2;map(['motorbike'::2456,'bicycle'::624,'pedestrian'::185,'car'::34])|evacuation_point3;map(['motorbike'::1412,'bicycle'::399,'car'::29,'pedestrian'::119])|evacuation_point4;map(['motorbike'::31,'bicycle'::8])|evacuation_point5;map(['motorbike'::95,'bicycle'::28,'pedestrian'::13,'car'::1])|
14.0,0,11280,1.0,1.0,0.01,0.75,evacuation_point0;map(['motorbike'::1613,'bicycle'::428,'pedestrian'::133,'car'::4])|evacuation_point1;map(['motorbike'::1886,'car'::55,'bicycle'::537,'pedestrian'::157])|evacuation_point2;map(['motorbike'::2391,'bicycle'::598,'car'::34,'pedestrian'::187])|evacuation_point3;map(['motorbike'::1406,'car'::29,'bicycle'::398,'pedestrian'::118])|evacuation_point4;map(['motorbike'::31,'bicycle'::8])|evacuation_point5;map(['motorbike'::95,'bicycle'::28,'pedestrian'::13,'car'::1])|
18.0,0,11160,1.0,1.0,0.01,0.75,evacuation_point0;map(['motorbike'::1220,'bicycle'::341,'pedestrian'::102,'car'::4])|evacuation_point1;map(['motorbike'::2014,'bicycle'::538,'pedestrian'::167,'car'::55])|evacuation_point2;map(['motorbike'::2651,'bicycle'::683,'pedestrian'::208,'car'::34])|evacuation_point3;map(['motorbike'::1411,'bicycle'::399,'car'::29,'pedestrian'::118])|evacuation_point4;map(['motorbike'::31,'bicycle'::8])|evacuation_point5;map(['bicycle'::28,'motorbike'::95,'pedestrian'::13,'car'::1])|
8.0,0,11280,1.0,1.0,0.01,0.75,evacuation_point0;map(['motorbike'::1164,'bicycle'::313,'pedestrian'::101,'car'::4])|evacuation_point1;map(['motorbike'::1983,'bicycle'::550,'pedestrian'::147,'car'::55])|evacuation_point2;map(['motorbike'::2742,'bicycle'::700,'pedestrian'::229,'car'::34])|evacuation_point3;map(['motorbike'::1407,'bicycle'::398,'car'::29,'pedestrian'::118])|evacuation_point4;map(['motorbike'::31,'bicycle'::8])|evacuation_point5;map(['motorbike'::95,'pedestrian'::13,'bicycle'::28,'car'::1])|
6.0,0,11520,1.0,1.0,0.01,0.75,evacuation_point0;map(['motorbike'::1269,'bicycle'::339,'pedestrian'::102,'car'::4])|evacuation_point1;map(['motorbike'::2022,'bicycle'::587,'pedestrian'::168,'car'::55])|evacuation_point2;map(['motorbike'::2597,'car'::34,'bicycle'::637,'pedestrian'::207])|evacuation_point3;map(['motorbike'::1406,'bicycle'::398,'pedestrian'::118,'car'::29])|evacuation_point4;map(['motorbike'::33,'bicycle'::8])|evacuation_point5;map(['motorbike'::95,'pedestrian'::13,'bicycle'::28,'car'::1])|
12.0,0,11520,1.0,1.0,0.01,0.75,evacuation_point0;map(['motorbike'::1287,'pedestrian'::101,'car'::4,'bicycle'::336])|evacuation_point1;map(['motorbike'::1883,'bicycle'::518,'pedestrian'::166,'car'::55])|evacuation_point2;map(['motorbike'::2717,'bicycle'::709,'pedestrian'::210,'car'::34])|evacuation_point3;map(['motorbike'::1409,'bicycle'::398,'car'::29,'pedestrian'::117])|evacuation_point4;map(['motorbike'::31,'bicycle'::8,'pedestrian'::1])|evacuation_point5;map(['motorbike'::95,'bicycle'::28,'pedestrian'::13,'car'::1])|
4.0,0,11640,1.0,1.0,0.01,0.75,evacuation_point0;map(['motorbike'::1001,'pedestrian'::77,'bicycle'::284,'car'::4])|evacuation_point1;map(['motorbike'::2079,'car'::55,'bicycle'::550,'pedestrian'::170])|evacuation_point2;map(['motorbike'::2778,'bicycle'::722,'car'::34,'pedestrian'::229])|evacuation_point3;map(['motorbike'::1438,'bicycle'::405,'pedestrian'::119,'car'::29])|evacuation_point4;map(['motorbike'::31,'bicycle'::8])|evacuation_point5;map(['motorbike'::95,'bicycle'::28,'car'::1,'pedestrian'::13])|
9.0,0,11640,1.0,1.0,0.01,0.75,evacuation_point0;map(['motorbike'::1608,'bicycle'::407,'pedestrian'::127,'car'::4])|evacuation_point1;map(['motorbike'::1982,'bicycle'::579,'pedestrian'::180,'car'::55])|evacuation_point2;map(['motorbike'::2286,'bicycle'::575,'car'::34,'pedestrian'::169])|evacuation_point3;map(['motorbike'::1419,'bicycle'::399,'pedestrian'::119,'car'::29])|evacuation_point4;map(['bicycle'::9,'motorbike'::32])|evacuation_point5;map(['motorbike'::95,'bicycle'::28,'pedestrian'::13,'car'::1])|
13.0,0,11640,1.0,1.0,0.01,0.75,evacuation_point0;map(['pedestrian'::100,'motorbike'::1173,'bicycle'::335,'car'::4])|evacuation_point1;map(['motorbike'::2072,'bicycle'::540,'pedestrian'::172,'car'::55])|evacuation_point2;map(['motorbike'::2639,'pedestrian'::205,'car'::34,'bicycle'::684])|evacuation_point3;map(['bicycle'::402,'motorbike'::1412,'pedestrian'::116,'car'::29])|evacuation_point4;map(['bicycle'::8,'motorbike'::31,'pedestrian'::2])|evacuation_point5;map(['pedestrian'::13,'motorbike'::95,'bicycle'::28,'car'::1])|
22.0,0,11760,1.0,1.0,0.01,0.75,evacuation_point0;map(['motorbike'::1196,'car'::4,'bicycle'::285,'pedestrian'::85])|evacuation_point1;map(['motorbike'::2034,'car'::55,'bicycle'::609,'pedestrian'::176])|evacuation_point2;map(['motorbike'::2660,'car'::34,'bicycle'::669,'pedestrian'::216])|evacuation_point3;map(['motorbike'::1406,'bicycle'::398,'car'::29,'pedestrian'::118])|evacuation_point4;map(['motorbike'::31,'bicycle'::8])|evacuation_point5;map(['motorbike'::95,'pedestrian'::13,'bicycle'::28,'car'::1])|
7.0,0,12000,1.0,1.0,0.01,0.75,evacuation_point0;map(['motorbike'::1091,'bicycle'::273,'pedestrian'::76,'car'::4])|evacuation_point1;map(['motorbike'::2064,'bicycle'::579,'pedestrian'::177,'car'::55])|evacuation_point2;map(['motorbike'::2734,'car'::34,'pedestrian'::224,'bicycle'::711])|evacuation_point3;map(['motorbike'::1387,'bicycle'::397,'pedestrian'::118,'car'::29])|evacuation_point4;map(['motorbike'::31,'bicycle'::8])|evacuation_point5;map(['bicycle'::29,'motorbike'::115,'car'::1,'pedestrian'::13])|
11.0,0,12000,1.0,1.0,0.01,0.75,evacuation_point0;map(['motorbike'::1144,'bicycle'::308,'pedestrian'::97,'car'::4])|evacuation_point1;map(['motorbike'::2118,'bicycle'::582,'pedestrian'::176,'car'::55])|evacuation_point2;map(['motorbike'::2626,'bicycle'::673,'pedestrian'::204,'car'::34])|evacuation_point3;map(['motorbike'::1408,'car'::29,'bicycle'::398,'pedestrian'::118])|evacuation_point4;map(['motorbike'::31,'bicycle'::8])|evacuation_point5;map(['motorbike'::95,'bicycle'::28,'pedestrian'::13,'car'::1])|
10.0,0,12480,1.0,1.0,0.01,0.75,evacuation_point0;map(['motorbike'::1267,'bicycle'::332,'pedestrian'::100,'car'::4])|evacuation_point1;map(['motorbike'::1949,'bicycle'::521,'pedestrian'::178,'car'::55])|evacuation_point2;map(['motorbike'::2673,'pedestrian'::199,'bicycle'::710,'car'::34])|evacuation_point3;map(['motorbike'::1406,'car'::29,'bicycle'::398,'pedestrian'::118])|evacuation_point4;map(['motorbike'::32,'bicycle'::8])|evacuation_point5;map(['motorbike'::95,'bicycle'::28,'pedestrian'::13,'car'::1])|
2.0,0,12720,1.0,1.0,0.01,0.75,evacuation_point0;map(['motorbike'::1188,'bicycle'::320,'pedestrian'::92,'car'::4])|evacuation_point1;map(['motorbike'::1969,'bicycle'::537,'car'::55,'pedestrian'::164])|evacuation_point2;map(['motorbike'::2732,'car'::34,'bicycle'::706,'pedestrian'::221])|evacuation_point3;map(['motorbike'::1404,'bicycle'::398,'car'::29,'pedestrian'::118])|evacuation_point4;map(['motorbike'::34,'bicycle'::8])|evacuation_point5;map(['motorbike'::95,'bicycle'::28,'pedestrian'::13,'car'::1])|
20.0,0,12840,1.0,1.0,0.01,0.75,evacuation_point0;map(['motorbike'::1039,'bicycle'::281,'pedestrian'::76,'car'::4])|evacuation_point1;map(['motorbike'::2062,'car'::55,'bicycle'::563,'pedestrian'::183])|evacuation_point2;map(['motorbike'::2781,'bicycle'::719,'car'::34,'pedestrian'::218])|evacuation_point3;map(['motorbike'::1414,'pedestrian'::118,'car'::29,'bicycle'::398])|evacuation_point4;map(['motorbike'::31,'bicycle'::8])|evacuation_point5;map(['motorbike'::95,'bicycle'::28,'pedestrian'::13,'car'::1])|
15.0,0,13440,1.0,1.0,0.01,0.75,evacuation_point0;map(['motorbike'::1093,'bicycle'::260,'pedestrian'::84,'car'::4])|evacuation_point1;map(['motorbike'::2017,'bicycle'::584,'pedestrian'::168,'car'::55])|evacuation_point2;map(['motorbike'::2776,'bicycle'::719,'pedestrian'::224,'car'::34])|evacuation_point3;map(['motorbike'::1410,'bicycle'::398,'pedestrian'::119,'car'::29])|evacuation_point4;map(['motorbike'::31,'bicycle'::8])|evacuation_point5;map(['bicycle'::28,'motorbike'::95,'pedestrian'::13,'car'::1])|
16.0,0,13920,1.0,1.0,0.01,0.75,evacuation_point0;map(['motorbike'::1189,'bicycle'::348,'pedestrian'::98,'car'::4])|evacuation_point1;map(['motorbike'::2222,'bicycle'::584,'pedestrian'::190,'car'::55])|evacuation_point2;map(['motorbike'::2475,'car'::34,'bicycle'::630,'pedestrian'::189])|evacuation_point3;map(['motorbike'::1410,'bicycle'::399,'pedestrian'::118,'car'::29])|evacuation_point4;map(['motorbike'::31,'bicycle'::8])|evacuation_point5;map(['bicycle'::28,'motorbike'::95,'car'::1,'pedestrian'::13])|
38.0,0,10440,1.0,1.0,0.01,0.75,evacuation_point0;map(['motorbike'::1600,'bicycle'::437,'pedestrian'::137,'car'::4])|evacuation_point1;map(['motorbike'::1864,'bicycle'::501,'pedestrian'::160,'car'::55])|evacuation_point2;map(['motorbike'::2424,'car'::34,'bicycle'::624,'pedestrian'::180])|evacuation_point3;map(['motorbike'::1408,'car'::29,'bicycle'::397,'pedestrian'::118])|evacuation_point4;map(['motorbike'::31,'bicycle'::10])|evacuation_point5;map(['pedestrian'::13,'motorbike'::95,'car'::1,'bicycle'::28])|
25.0,0,10680,1.0,1.0,0.01,0.75,evacuation_point0;map(['motorbike'::1485,'bicycle'::401,'pedestrian'::125,'car'::4])|evacuation_point1;map(['motorbike'::1890,'bicycle'::517,'car'::55,'pedestrian'::156])|evacuation_point2;map(['motorbike'::2514,'bicycle'::645,'pedestrian'::196,'car'::34])|evacuation_point3;map(['motorbike'::1407,'car'::29,'bicycle'::397,'pedestrian'::118])|evacuation_point4;map(['motorbike'::31,'bicycle'::9])|evacuation_point5;map(['motorbike'::95,'bicycle'::28,'pedestrian'::13,'car'::1])|
27.0,0,10680,1.0,1.0,0.01,0.75,evacuation_point0;map(['motorbike'::1738,'bicycle'::472,'pedestrian'::128,'car'::4])|evacuation_point1;map(['motorbike'::1822,'bicycle'::505,'pedestrian'::179,'car'::55])|evacuation_point2;map(['motorbike'::2328,'bicycle'::586,'pedestrian'::170,'car'::34])|evacuation_point3;map(['bicycle'::398,'motorbike'::1408,'pedestrian'::118,'car'::29])|evacuation_point4;map(['motorbike'::31,'bicycle'::8])|evacuation_point5;map(['motorbike'::95,'pedestrian'::13,'bicycle'::28,'car'::1])|
39.0,0,10680,1.0,1.0,0.01,0.75,evacuation_point0;map(['motorbike'::1548,'bicycle'::388,'pedestrian'::113,'car'::4])|evacuation_point1;map(['motorbike'::1858,'bicycle'::554,'pedestrian'::175,'car'::55])|evacuation_point2;map(['motorbike'::2484,'bicycle'::621,'pedestrian'::189,'car'::34])|evacuation_point3;map(['motorbike'::1406,'bicycle'::398,'car'::29,'pedestrian'::118])|evacuation_point4;map(['motorbike'::31,'bicycle'::8])|evacuation_point5;map(['bicycle'::28,'motorbike'::95,'pedestrian'::13,'car'::1])|
31.0,0,10800,1.0,1.0,0.01,0.75,evacuation_point0;map(['motorbike'::1305,'pedestrian'::87,'bicycle'::371,'car'::4])|evacuation_point1;map(['motorbike'::1832,'bicycle'::495,'car'::55,'pedestrian'::180])|evacuation_point2;map(['motorbike'::2751,'bicycle'::697,'pedestrian'::210,'car'::34])|evacuation_point3;map(['motorbike'::1408,'car'::29,'bicycle'::398,'pedestrian'::118])|evacuation_point4;map(['bicycle'::8,'motorbike'::31])|evacuation_point5;map(['motorbike'::95,'bicycle'::28,'pedestrian'::13,'car'::1])|
46.0,0,10800,1.0,1.0,0.01,0.75,evacuation_point0;map(['motorbike'::1210,'bicycle'::323,'pedestrian'::85,'car'::4])|evacuation_point1;map(['motorbike'::1930,'car'::55,'bicycle'::512,'pedestrian'::164])|evacuation_point2;map(['motorbike'::2750,'bicycle'::728,'pedestrian'::228,'car'::34])|evacuation_point3;map(['motorbike'::1394,'bicycle'::395,'car'::29,'pedestrian'::118])|evacuation_point4;map(['motorbike'::31,'bicycle'::9])|evacuation_point5;map(['pedestrian'::13,'motorbike'::107,'bicycle'::30,'car'::1])|
45.0,0,10920,1.0,1.0,0.01,0.75,evacuation_point0;map(['motorbike'::1096,'bicycle'::296,'pedestrian'::88,'car'::4])|evacuation_point1;map(['motorbike'::1937,'bicycle'::520,'car'::55,'pedestrian'::159])|evacuation_point2;map(['motorbike'::2855,'bicycle'::746,'car'::34,'pedestrian'::230])|evacuation_point3;map(['motorbike'::1408,'bicycle'::399,'pedestrian'::118,'car'::29])|evacuation_point4;map(['motorbike'::31,'bicycle'::8])|evacuation_point5;map(['motorbike'::95,'pedestrian'::13,'bicycle'::28,'car'::1])|
43.0,0,11040,1.0,1.0,0.01,0.75,evacuation_point0;map(['motorbike'::1087,'bicycle'::298,'pedestrian'::84,'car'::4])|evacuation_point1;map(['motorbike'::1962,'bicycle'::512,'pedestrian'::164,'car'::55])|evacuation_point2;map(['motorbike'::2837,'car'::34,'bicycle'::750,'pedestrian'::228])|evacuation_point3;map(['motorbike'::1410,'bicycle'::400,'pedestrian'::119,'car'::29])|evacuation_point4;map(['motorbike'::31,'bicycle'::9])|evacuation_point5;map(['motorbike'::95,'pedestrian'::13,'bicycle'::28,'car'::1])|
37.0,0,11160,1.0,1.0,0.01,0.75,evacuation_point0;map(['motorbike'::1261,'bicycle'::340,'pedestrian'::95,'car'::4])|evacuation_point1;map(['motorbike'::1872,'bicycle'::528,'pedestrian'::167,'car'::55])|evacuation_point2;map(['motorbike'::2755,'bicycle'::695,'car'::34,'pedestrian'::215])|evacuation_point3;map(['motorbike'::1407,'bicycle'::398,'car'::29,'pedestrian'::118])|evacuation_point4;map(['bicycle'::8,'motorbike'::31])|evacuation_point5;map(['motorbike'::96,'bicycle'::28,'pedestrian'::13,'car'::1])|
34.0,0,11280,1.0,1.0,0.01,0.75,evacuation_point0;map(['motorbike'::1318,'bicycle'::367,'pedestrian'::110,'car'::4])|evacuation_point1;map(['motorbike'::1891,'bicycle'::493,'pedestrian'::147,'car'::55])|evacuation_point2;map(['motorbike'::2680,'bicycle'::702,'pedestrian'::220,'car'::34])|evacuation_point3;map(['motorbike'::1399,'bicycle'::397,'car'::29,'pedestrian'::116])|evacuation_point4;map(['motorbike'::34,'bicycle'::9])|evacuation_point5;map(['motorbike'::100,'pedestrian'::15,'bicycle'::29,'car'::1])|
30.0,0,11400,1.0,1.0,0.01,0.75,evacuation_point0;map(['motorbike'::1600,'car'::4,'bicycle'::420,'pedestrian'::136])|evacuation_point1;map(['motorbike'::1864,'bicycle'::533,'car'::55,'pedestrian'::155])|evacuation_point2;map(['motorbike'::2424,'car'::34,'bicycle'::610,'pedestrian'::186])|evacuation_point3;map(['motorbike'::1407,'pedestrian'::118,'bicycle'::398,'car'::29])|evacuation_point4;map(['bicycle'::8,'motorbike'::32])|evacuation_point5;map(['motorbike'::95,'pedestrian'::13,'bicycle'::28,'car'::1])|
28.0,0,11520,1.0,1.0,0.01,0.75,evacuation_point0;map(['motorbike'::1224,'bicycle'::320,'car'::4,'pedestrian'::94])|evacuation_point1;map(['motorbike'::1959,'bicycle'::523,'pedestrian'::171,'car'::55])|evacuation_point2;map(['motorbike'::2707,'bicycle'::720,'pedestrian'::212,'car'::34])|evacuation_point3;map(['motorbike'::1406,'bicycle'::398,'pedestrian'::118,'car'::29])|evacuation_point4;map(['motorbike'::31,'bicycle'::8])|evacuation_point5;map(['motorbike'::95,'bicycle'::28,'pedestrian'::13,'car'::1])|
36.0,0,11880,1.0,1.0,0.01,0.75,evacuation_point0;map(['motorbike'::1443,'bicycle'::382,'pedestrian'::124,'car'::4])|evacuation_point1;map(['motorbike'::1890,'car'::55,'bicycle'::514,'pedestrian'::146])|evacuation_point2;map(['motorbike'::2557,'car'::34,'bicycle'::667,'pedestrian'::207])|evacuation_point3;map(['motorbike'::1405,'bicycle'::397,'pedestrian'::118,'car'::29])|evacuation_point4;map(['bicycle'::9,'motorbike'::32])|evacuation_point5;map(['motorbike'::95,'pedestrian'::13,'bicycle'::28,'car'::1])|
44.0,0,11880,1.0,1.0,0.01,0.75,evacuation_point0;map(['motorbike'::1250,'pedestrian'::97,'bicycle'::327,'car'::4])|evacuation_point1;map(['motorbike'::2071,'car'::55,'bicycle'::572,'pedestrian'::181])|evacuation_point2;map(['motorbike'::2562,'bicycle'::663,'pedestrian'::199,'car'::34])|evacuation_point3;map(['bicycle'::398,'motorbike'::1413,'pedestrian'::117,'car'::29])|evacuation_point4;map(['motorbike'::31,'bicycle'::9,'pedestrian'::1])|evacuation_point5;map(['motorbike'::95,'bicycle'::28,'pedestrian'::13,'car'::1])|
32.0,0,12000,1.0,1.0,0.01,0.75,evacuation_point0;map(['motorbike'::1209,'bicycle'::325,'pedestrian'::92,'car'::4])|evacuation_point1;map(['motorbike'::2011,'bicycle'::568,'car'::55,'pedestrian'::172])|evacuation_point2;map(['motorbike'::2659,'bicycle'::662,'pedestrian'::213,'car'::34])|evacuation_point3;map(['motorbike'::1417,'pedestrian'::118,'bicycle'::406,'car'::29])|evacuation_point4;map(['motorbike'::31,'bicycle'::8])|evacuation_point5;map(['motorbike'::95,'bicycle'::28,'pedestrian'::13,'car'::1])|
26.0,0,12120,1.0,1.0,0.01,0.75,evacuation_point0;map(['motorbike'::1030,'bicycle'::274,'car'::4,'pedestrian'::90])|evacuation_point1;map(['motorbike'::1995,'bicycle'::552,'car'::55,'pedestrian'::155])|evacuation_point2;map(['motorbike'::2865,'bicycle'::737,'pedestrian'::232,'car'::34])|evacuation_point3;map(['motorbike'::1406,'bicycle'::398,'pedestrian'::118,'car'::29])|evacuation_point4;map(['bicycle'::8,'motorbike'::31])|evacuation_point5;map(['motorbike'::95,'bicycle'::28,'pedestrian'::13,'car'::1])|
29.0,0,12000,1.0,1.0,0.01,0.75,evacuation_point0;map(['motorbike'::1226,'car'::4,'bicycle'::318,'pedestrian'::98])|evacuation_point1;map(['motorbike'::2058,'bicycle'::580,'pedestrian'::181,'car'::55])|evacuation_point2;map(['motorbike'::2594,'bicycle'::664,'car'::34,'pedestrian'::198])|evacuation_point3;map(['motorbike'::1418,'bicycle'::399,'pedestrian'::118,'car'::29])|evacuation_point4;map(['motorbike'::31,'bicycle'::8])|evacuation_point5;map(['motorbike'::95,'bicycle'::28,'pedestrian'::13,'car'::1])|
33.0,0,11880,1.0,1.0,0.01,0.75,evacuation_point0;map(['motorbike'::953,'pedestrian'::72,'bicycle'::256,'car'::4])|evacuation_point1;map(['motorbike'::2111,'car'::55,'bicycle'::577,'pedestrian'::177])|evacuation_point2;map(['motorbike'::2816,'bicycle'::728,'pedestrian'::228,'car'::34])|evacuation_point3;map(['motorbike'::1409,'bicycle'::400,'pedestrian'::118,'car'::29])|evacuation_point4;map(['motorbike'::31,'bicycle'::8])|evacuation_point5;map(['motorbike'::102,'bicycle'::28,'car'::1,'pedestrian'::13])|
40.0,0,12360,1.0,1.0,0.01,0.75,evacuation_point0;map(['motorbike'::1211,'bicycle'::330,'pedestrian'::98,'car'::4])|evacuation_point1;map(['motorbike'::1904,'bicycle'::507,'pedestrian'::170,'car'::55])|evacuation_point2;map(['motorbike'::2774,'bicycle'::726,'pedestrian'::209,'car'::34])|evacuation_point3;map(['motorbike'::1407,'bicycle'::398,'car'::29,'pedestrian'::118])|evacuation_point4;map(['motorbike'::31,'bicycle'::8])|evacuation_point5;map(['motorbike'::95,'bicycle'::28,'pedestrian'::13,'car'::1])|
41.0,0,11640,1.0,1.0,0.01,0.75,evacuation_point0;map(['motorbike'::1437,'bicycle'::376,'pedestrian'::119,'car'::4])|evacuation_point1;map(['motorbike'::2068,'bicycle'::578,'pedestrian'::186,'car'::55])|evacuation_point2;map(['motorbike'::2376,'car'::34,'bicycle'::607,'pedestrian'::172])|evacuation_point3;map(['motorbike'::1413,'bicycle'::400,'pedestrian'::118,'car'::29])|evacuation_point4;map(['bicycle'::8,'motorbike'::33])|evacuation_point5;map(['bicycle'::28,'motorbike'::95,'pedestrian'::13,'car'::1])|
35.0,0,12720,1.0,1.0,0.01,0.75,evacuation_point0;map(['motorbike'::1500,'bicycle'::391,'pedestrian'::122,'car'::4])|evacuation_point1;map(['motorbike'::1845,'bicycle'::511,'pedestrian'::144,'car'::55])|evacuation_point2;map(['motorbike'::2545,'bicycle'::661,'car'::34,'pedestrian'::211])|evacuation_point3;map(['motorbike'::1406,'bicycle'::398,'car'::29,'pedestrian'::118])|evacuation_point4;map(['motorbike'::31,'bicycle'::8])|evacuation_point5;map(['motorbike'::95,'bicycle'::28,'pedestrian'::13,'car'::1])|
42.0,0,12720,1.0,1.0,0.01,0.75,evacuation_point0;map(['motorbike'::1373,'bicycle'::342,'pedestrian'::111,'car'::4])|evacuation_point1;map(['motorbike'::2046,'bicycle'::596,'car'::55,'pedestrian'::175])|evacuation_point2;map(['motorbike'::2470,'bicycle'::625,'pedestrian'::191,'car'::34])|evacuation_point3;map(['motorbike'::1407,'bicycle'::398,'pedestrian'::118,'car'::29])|evacuation_point4;map(['motorbike'::31,'bicycle'::8])|evacuation_point5;map(['motorbike'::95,'bicycle'::28,'pedestrian'::13,'car'::1])|
47.0,0,11280,1.0,1.0,0.01,0.75,evacuation_point0;map(['motorbike'::1029,'bicycle'::282,'pedestrian'::75,'car'::4])|evacuation_point1;map(['motorbike'::2013,'bicycle'::540,'pedestrian'::167,'car'::55])|evacuation_point2;map(['motorbike'::2846,'bicycle'::741,'pedestrian'::235,'car'::34])|evacuation_point3;map(['motorbike'::1407,'bicycle'::398,'pedestrian'::118,'car'::29])|evacuation_point4;map(['motorbike'::32,'bicycle'::8])|evacuation_point5;map(['motorbike'::95,'bicycle'::28,'pedestrian'::13,'car'::1])|
48.0,0,11520,1.0,1.0,0.01,0.75,evacuation_point0;map(['motorbike'::1056,'bicycle'::293,'car'::4,'pedestrian'::85])|evacuation_point1;map(['motorbike'::2056,'bicycle'::559,'pedestrian'::169,'car'::55])|evacuation_point2;map(['motorbike'::2776,'bicycle'::711,'pedestrian'::223,'car'::34])|evacuation_point3;map(['motorbike'::1408,'pedestrian'::118,'bicycle'::398,'car'::29])|evacuation_point4;map(['motorbike'::31,'bicycle'::8])|evacuation_point5;map(['bicycle'::28,'motorbike'::95,'pedestrian'::13,'car'::1])|
70.0,0,10920,1.0,1.0,0.01,0.75,evacuation_point0;map(['motorbike'::1523,'bicycle'::385,'pedestrian'::110,'car'::4])|evacuation_point1;map(['motorbike'::1904,'car'::55,'bicycle'::552,'pedestrian'::185])|evacuation_point2;map(['motorbike'::2463,'car'::34,'bicycle'::626,'pedestrian'::182])|evacuation_point3;map(['motorbike'::1398,'bicycle'::395,'pedestrian'::117,'car'::29])|evacuation_point4;map(['bicycle'::8,'motorbike'::31])|evacuation_point5;map(['motorbike'::103,'bicycle'::31,'pedestrian'::14,'car'::1])|
66.0,0,10920,1.0,1.0,0.01,0.75,evacuation_point0;map(['motorbike'::1223,'bicycle'::286,'car'::4,'pedestrian'::77])|evacuation_point1;map(['motorbike'::1909,'bicycle'::560,'pedestrian'::180,'car'::55])|evacuation_point2;map(['motorbike'::2754,'bicycle'::715,'pedestrian'::220,'car'::34])|evacuation_point3;map(['motorbike'::1410,'bicycle'::400,'car'::29,'pedestrian'::118])|evacuation_point4;map(['motorbike'::31,'bicycle'::8])|evacuation_point5;map(['motorbike'::95,'bicycle'::28,'pedestrian'::13,'car'::1])|
62.0,0,10920,1.0,1.0,0.01,0.75,evacuation_point0;map(['motorbike'::1190,'bicycle'::328,'pedestrian'::99,'car'::4])|evacuation_point1;map(['motorbike'::1937,'car'::55,'bicycle'::511,'pedestrian'::150])|evacuation_point2;map(['motorbike'::2761,'bicycle'::724,'pedestrian'::228,'car'::34])|evacuation_point3;map(['motorbike'::1408,'bicycle'::397,'car'::29,'pedestrian'::118])|evacuation_point4;map(['motorbike'::31,'bicycle'::9])|evacuation_point5;map(['bicycle'::28,'motorbike'::95,'pedestrian'::13,'car'::1])|
51.0,0,11160,1.0,1.0,0.01,0.75,evacuation_point0;map(['motorbike'::1424,'pedestrian'::110,'bicycle'::374,'car'::4])|evacuation_point1;map(['motorbike'::1899,'bicycle'::540,'pedestrian'::183,'car'::55])|evacuation_point2;map(['motorbike'::2565,'bicycle'::647,'pedestrian'::184,'car'::34])|evacuation_point3;map(['pedestrian'::118,'motorbike'::1408,'bicycle'::399,'car'::29])|evacuation_point4;map(['motorbike'::31,'bicycle'::9])|evacuation_point5;map(['motorbike'::95,'pedestrian'::13,'bicycle'::28,'car'::1])|
64.0,0,11160,1.0,1.0,0.01,0.75,evacuation_point0;map(['motorbike'::1202,'bicycle'::294,'car'::4,'pedestrian'::93])|evacuation_point1;map(['motorbike'::1857,'bicycle'::528,'pedestrian'::157,'car'::55])|evacuation_point2;map(['motorbike'::2830,'bicycle'::741,'car'::34,'pedestrian'::227])|evacuation_point3;map(['motorbike'::1407,'car'::29,'bicycle'::398,'pedestrian'::118])|evacuation_point4;map(['motorbike'::31,'bicycle'::8])|evacuation_point5;map(['motorbike'::95,'bicycle'::28,'pedestrian'::13,'car'::1])|
61.0,0,11160,1.0,1.0,0.01,0.75,evacuation_point0;map(['motorbike'::1512,'bicycle'::367,'pedestrian'::121,'car'::4])|evacuation_point1;map(['motorbike'::1887,'bicycle'::556,'pedestrian'::173,'car'::55])|evacuation_point2;map(['motorbike'::2489,'bicycle'::638,'car'::34,'pedestrian'::183])|evacuation_point3;map(['motorbike'::1408,'bicycle'::399,'pedestrian'::118,'car'::29])|evacuation_point4;map(['motorbike'::31,'bicycle'::9])|evacuation_point5;map(['motorbike'::95,'bicycle'::28,'pedestrian'::13,'car'::1])|
67.0,0,11280,1.0,1.0,0.01,0.75,evacuation_point0;map(['motorbike'::1153,'bicycle'::309,'pedestrian'::89,'car'::4])|evacuation_point1;map(['motorbike'::1972,'bicycle'::548,'pedestrian'::173,'car'::55])|evacuation_point2;map(['motorbike'::2763,'bicycle'::705,'pedestrian'::215,'car'::34])|evacuation_point3;map(['motorbike'::1407,'bicycle'::399,'car'::29,'pedestrian'::118])|evacuation_point4;map(['motorbike'::32,'bicycle'::8])|evacuation_point5;map(['motorbike'::95,'pedestrian'::13,'bicycle'::28,'car'::1])|
59.0,0,11520,1.0,1.0,0.01,0.75,evacuation_point0;map(['motorbike'::1251,'bicycle'::341,'pedestrian'::93,'car'::4])|evacuation_point1;map(['motorbike'::1967,'bicycle'::535,'pedestrian'::167,'car'::55])|evacuation_point2;map(['motorbike'::2667,'bicycle'::687,'pedestrian'::217,'car'::34])|evacuation_point3;map(['motorbike'::1411,'bicycle'::398,'car'::29,'pedestrian'::118])|evacuation_point4;map(['motorbike'::31,'bicycle'::8])|evacuation_point5;map(['car'::1,'motorbike'::95,'bicycle'::28,'pedestrian'::13])|
56.0,0,11520,1.0,1.0,0.01,0.75,evacuation_point0;map(['motorbike'::1325,'bicycle'::348,'pedestrian'::92,'car'::4])|evacuation_point1;map(['motorbike'::2006,'bicycle'::559,'pedestrian'::188,'car'::55])|evacuation_point2;map(['motorbike'::2507,'bicycle'::641,'pedestrian'::195,'car'::34])|evacuation_point3;map(['motorbike'::1457,'pedestrian'::119,'bicycle'::413,'car'::29])|evacuation_point4;map(['motorbike'::32,'bicycle'::8,'pedestrian'::1])|evacuation_point5;map(['motorbike'::95,'bicycle'::28,'pedestrian'::13,'car'::1])|
49.0,0,11640,1.0,1.0,0.01,0.75,evacuation_point0;map(['motorbike'::1563,'bicycle'::435,'pedestrian'::126,'car'::4])|evacuation_point1;map(['motorbike'::1938,'bicycle'::526,'pedestrian'::172,'car'::55])|evacuation_point2;map(['motorbike'::2380,'bicycle'::602,'car'::34,'pedestrian'::179])|evacuation_point3;map(['motorbike'::1409,'bicycle'::394,'pedestrian'::115,'car'::29])|evacuation_point4;map(['motorbike'::33,'bicycle'::8])|evacuation_point5;map(['bicycle'::32,'motorbike'::99,'pedestrian'::16,'car'::1])|
60.0,0,11640,1.0,1.0,0.01,0.75,evacuation_point0;map(['motorbike'::1046,'bicycle'::279,'car'::4,'pedestrian'::80])|evacuation_point1;map(['motorbike'::2019,'bicycle'::551,'car'::55,'pedestrian'::169])|evacuation_point2;map(['motorbike'::2822,'bicycle'::733,'pedestrian'::228,'car'::34])|evacuation_point3;map(['motorbike'::1409,'bicycle'::398,'car'::29,'pedestrian'::118])|evacuation_point4;map(['motorbike'::31,'bicycle'::8])|evacuation_point5;map(['motorbike'::95,'bicycle'::28,'pedestrian'::13,'car'::1])|
54.0,0,11760,1.0,1.0,0.01,0.75,evacuation_point0;map(['motorbike'::1162,'bicycle'::335,'pedestrian'::97,'car'::4])|evacuation_point1;map(['motorbike'::1934,'pedestrian'::156,'bicycle'::500,'car'::55])|evacuation_point2;map(['motorbike'::2794,'bicycle'::728,'car'::34,'pedestrian'::224])|evacuation_point3;map(['motorbike'::1406,'bicycle'::397,'pedestrian'::118,'car'::29])|evacuation_point4;map(['motorbike'::31,'bicycle'::9])|evacuation_point5;map(['pedestrian'::13,'bicycle'::28,'motorbike'::95,'car'::1])|
65.0,0,11880,1.0,1.0,0.01,0.75,evacuation_point0;map(['motorbike'::912,'bicycle'::247,'pedestrian'::70,'car'::4])|evacuation_point1;map(['motorbike'::2094,'bicycle'::561,'pedestrian'::178,'car'::55])|evacuation_point2;map(['motorbike'::2879,'bicycle'::748,'pedestrian'::229,'car'::34])|evacuation_point3;map(['motorbike'::1411,'bicycle'::405,'car'::29,'pedestrian'::118])|evacuation_point4;map(['bicycle'::8,'motorbike'::31])|evacuation_point5;map(['motorbike'::95,'pedestrian'::13,'bicycle'::28,'car'::1])|
50.0,0,12000,1.0,1.0,0.01,0.75,evacuation_point0;map(['motorbike'::1528,'pedestrian'::112,'bicycle'::415,'car'::4])|evacuation_point1;map(['motorbike'::1997,'bicycle'::545,'pedestrian'::195,'car'::55])|evacuation_point2;map(['motorbike'::2365,'bicycle'::603,'pedestrian'::170,'car'::34])|evacuation_point3;map(['motorbike'::1406,'bicycle'::398,'pedestrian'::118,'car'::29])|evacuation_point4;map(['bicycle'::8,'motorbike'::31])|evacuation_point5;map(['motorbike'::95,'pedestrian'::13,'bicycle'::28,'car'::1])|
68.0,0,12240,1.0,1.0,0.01,0.75,evacuation_point0;map(['motorbike'::1122,'bicycle'::281,'pedestrian'::86,'car'::4])|evacuation_point1;map(['motorbike'::1989,'bicycle'::574,'pedestrian'::172,'car'::55])|evacuation_point2;map(['motorbike'::2779,'bicycle'::708,'car'::34,'pedestrian'::219])|evacuation_point3;map(['motorbike'::1406,'bicycle'::398,'car'::29,'pedestrian'::118])|evacuation_point4;map(['motorbike'::31,'bicycle'::8])|evacuation_point5;map(['bicycle'::28,'motorbike'::95,'car'::1,'pedestrian'::13])|
55.0,0,12120,1.0,1.0,0.01,0.75,evacuation_point0;map(['motorbike'::1037,'bicycle'::271,'pedestrian'::80,'car'::4])|evacuation_point1;map(['motorbike'::2028,'bicycle'::558,'pedestrian'::170,'car'::55])|evacuation_point2;map(['bicycle'::734,'motorbike'::2822,'pedestrian'::227,'car'::34])|evacuation_point3;map(['motorbike'::1409,'bicycle'::398,'pedestrian'::118,'car'::29])|evacuation_point4;map(['motorbike'::31,'bicycle'::8])|evacuation_point5;map(['motorbike'::95,'bicycle'::28,'pedestrian'::13,'car'::1])|
52.0,0,12000,1.0,1.0,0.01,0.75,evacuation_point0;map(['motorbike'::994,'pedestrian'::83,'bicycle'::279,'car'::4])|evacuation_point1;map(['motorbike'::2154,'bicycle'::578,'pedestrian'::166,'car'::55])|evacuation_point2;map(['motorbike'::2737,'car'::34,'bicycle'::705,'pedestrian'::228])|evacuation_point3;map(['motorbike'::1393,'bicycle'::386,'pedestrian'::116,'car'::29])|evacuation_point4;map(['motorbike'::31,'bicycle'::9])|evacuation_point5;map(['motorbike'::113,'bicycle'::40,'car'::1,'pedestrian'::15])|
69.0,0,12360,1.0,1.0,0.01,0.75,evacuation_point0;map(['motorbike'::1453,'bicycle'::391,'pedestrian'::126,'car'::4])|evacuation_point1;map(['motorbike'::2032,'bicycle'::542,'pedestrian'::175,'car'::55])|evacuation_point2;map(['motorbike'::2401,'bicycle'::630,'pedestrian'::176,'car'::34])|evacuation_point3;map(['motorbike'::1410,'bicycle'::398,'car'::29,'pedestrian'::118])|evacuation_point4;map(['motorbike'::31,'bicycle'::8])|evacuation_point5;map(['motorbike'::95,'bicycle'::28,'pedestrian'::13,'car'::1])|
58.0,0,12360,1.0,1.0,0.01,0.75,evacuation_point0;map(['motorbike'::1074,'bicycle'::289,'pedestrian'::81,'car'::4])|evacuation_point1;map(['motorbike'::2089,'bicycle'::575,'pedestrian'::174,'car'::55])|evacuation_point2;map(['motorbike'::2725,'bicycle'::699,'pedestrian'::222,'car'::34])|evacuation_point3;map(['motorbike'::1408,'bicycle'::398,'pedestrian'::118,'car'::29])|evacuation_point4;map(['motorbike'::31,'bicycle'::8])|evacuation_point5;map(['motorbike'::95,'pedestrian'::13,'bicycle'::28,'car'::1])|
57.0,0,12360,1.0,1.0,0.01,0.75,evacuation_point0;map(['motorbike'::1093,'bicycle'::294,'pedestrian'::78,'car'::4])|evacuation_point1;map(['motorbike'::2195,'bicycle'::609,'car'::55,'pedestrian'::193])|evacuation_point2;map(['motorbike'::2596,'bicycle'::660,'pedestrian'::206,'car'::34])|evacuation_point3;map(['motorbike'::1412,'bicycle'::398,'car'::29,'pedestrian'::118])|evacuation_point4;map(['motorbike'::31,'bicycle'::8])|evacuation_point5;map(['motorbike'::95,'bicycle'::28,'pedestrian'::13,'car'::1])|
63.0,0,12960,1.0,1.0,0.01,0.75,evacuation_point0;map(['motorbike'::1477,'bicycle'::385,'pedestrian'::115,'car'::4])|evacuation_point1;map(['motorbike'::1969,'bicycle'::558,'pedestrian'::177,'car'::55])|evacuation_point2;map(['motorbike'::2443,'bicycle'::620,'pedestrian'::185,'car'::34])|evacuation_point3;map(['motorbike'::1406,'bicycle'::398,'pedestrian'::118,'car'::29])|evacuation_point4;map(['bicycle'::8,'motorbike'::32])|evacuation_point5;map(['motorbike'::95,'bicycle'::28,'pedestrian'::13,'car'::1])|
53.0,0,13320,1.0,1.0,0.01,0.75,evacuation_point0;map(['motorbike'::1233,'bicycle'::338,'pedestrian'::95,'car'::4])|evacuation_point1;map(['motorbike'::2107,'bicycle'::585,'pedestrian'::194,'car'::55])|evacuation_point2;map(['motorbike'::2526,'car'::34,'bicycle'::634,'pedestrian'::188])|evacuation_point3;map(['motorbike'::1420,'bicycle'::400,'pedestrian'::118,'car'::29])|evacuation_point4;map(['bicycle'::9,'motorbike'::31])|evacuation_point5;map(['motorbike'::105,'bicycle'::31,'pedestrian'::13,'car'::1])|
79.0,0,10560,1.0,1.0,0.01,0.75,evacuation_point0;map(['motorbike'::1258,'bicycle'::324,'pedestrian'::98,'car'::4])|evacuation_point1;map(['motorbike'::1840,'bicycle'::540,'pedestrian'::157,'car'::55])|evacuation_point2;map(['motorbike'::2792,'car'::34,'bicycle'::699,'pedestrian'::222])|evacuation_point3;map(['motorbike'::1406,'bicycle'::398,'car'::29,'pedestrian'::118])|evacuation_point4;map(['bicycle'::8,'motorbike'::31])|evacuation_point5;map(['motorbike'::95,'pedestrian'::13,'bicycle'::28,'car'::1])|
80.0,0,10920,1.0,1.0,0.01,0.75,evacuation_point0;map(['motorbike'::1446,'bicycle'::407,'pedestrian'::116,'car'::4])|evacuation_point1;map(['motorbike'::1890,'bicycle'::524,'pedestrian'::167,'car'::55])|evacuation_point2;map(['motorbike'::2554,'bicycle'::632,'car'::34,'pedestrian'::194])|evacuation_point3;map(['motorbike'::1405,'bicycle'::398,'pedestrian'::118,'car'::29])|evacuation_point4;map(['motorbike'::32,'bicycle'::8])|evacuation_point5;map(['motorbike'::95,'bicycle'::28,'pedestrian'::13,'car'::1])|
92.0,0,10800,1.0,1.0,0.01,0.75,evacuation_point0;map(['motorbike'::1223,'bicycle'::308,'pedestrian'::90,'car'::4])|evacuation_point1;map(['motorbike'::1878,'car'::55,'bicycle'::529,'pedestrian'::175])|evacuation_point2;map(['motorbike'::2756,'bicycle'::719,'car'::34,'pedestrian'::211])|evacuation_point3;map(['motorbike'::1438,'bicycle'::405,'pedestrian'::119,'car'::29])|evacuation_point4;map(['motorbike'::32,'bicycle'::8])|evacuation_point5;map(['bicycle'::28,'motorbike'::95,'pedestrian'::13,'car'::1])|
84.0,0,11040,1.0,1.0,0.01,0.75,evacuation_point0;map(['motorbike'::1306,'bicycle'::354,'pedestrian'::119,'car'::4])|evacuation_point1;map(['motorbike'::1937,'bicycle'::518,'pedestrian'::145,'car'::55])|evacuation_point2;map(['motorbike'::2644,'bicycle'::691,'pedestrian'::213,'car'::34])|evacuation_point3;map(['motorbike'::1408,'bicycle'::398,'pedestrian'::118,'car'::29])|evacuation_point4;map(['motorbike'::32,'bicycle'::8])|evacuation_point5;map(['bicycle'::28,'motorbike'::95,'pedestrian'::13,'car'::1])|
75.0,0,11040,1.0,1.0,0.01,0.75,evacuation_point0;map(['motorbike'::1439,'bicycle'::388,'pedestrian'::121,'car'::4])|evacuation_point1;map(['motorbike'::1900,'bicycle'::509,'pedestrian'::153,'car'::55])|evacuation_point2;map(['motorbike'::2551,'car'::34,'bicycle'::664,'pedestrian'::203])|evacuation_point3;map(['motorbike'::1406,'bicycle'::400,'car'::29,'pedestrian'::118])|evacuation_point4;map(['bicycle'::8,'motorbike'::31])|evacuation_point5;map(['motorbike'::95,'pedestrian'::13,'bicycle'::28,'car'::1])|
90.0,0,10920,1.0,1.0,0.01,0.75,evacuation_point0;map(['motorbike'::1251,'bicycle'::357,'pedestrian'::102,'car'::4])|evacuation_point1;map(['motorbike'::1973,'bicycle'::521,'pedestrian'::153,'car'::55])|evacuation_point2;map(['motorbike'::2663,'bicycle'::684,'pedestrian'::222,'car'::34])|evacuation_point3;map(['motorbike'::1409,'bicycle'::399,'pedestrian'::118,'car'::29])|evacuation_point4;map(['motorbike'::31,'bicycle'::8])|evacuation_point5;map(['motorbike'::95,'pedestrian'::13,'bicycle'::28,'car'::1])|
71.0,0,11280,1.0,1.0,0.01,0.75,evacuation_point0;map(['motorbike'::1543,'bicycle'::405,'pedestrian'::135,'car'::4])|evacuation_point1;map(['motorbike'::1852,'bicycle'::542,'pedestrian'::157,'car'::55])|evacuation_point2;map(['motorbike'::2425,'bicycle'::599,'car'::34,'pedestrian'::181])|evacuation_point3;map(['motorbike'::1473,'bicycle'::415,'pedestrian'::122,'car'::29])|evacuation_point4;map(['bicycle'::8,'motorbike'::33])|evacuation_point5;map(['bicycle'::28,'motorbike'::96,'pedestrian'::13,'car'::1])|
89.0,0,11160,1.0,1.0,0.01,0.75,evacuation_point0;map(['motorbike'::1618,'bicycle'::441,'pedestrian'::119,'car'::4])|evacuation_point1;map(['motorbike'::1945,'car'::55,'bicycle'::542,'pedestrian'::187])|evacuation_point2;map(['motorbike'::2323,'bicycle'::579,'car'::34,'pedestrian'::170])|evacuation_point3;map(['motorbike'::1409,'bicycle'::399,'pedestrian'::119,'car'::29])|evacuation_point4;map(['motorbike'::32,'bicycle'::8])|evacuation_point5;map(['motorbike'::95,'pedestrian'::13,'bicycle'::28,'car'::1])|
82.0,0,11280,1.0,1.0,0.01,0.75,evacuation_point0;map(['motorbike'::1389,'bicycle'::365,'pedestrian'::108,'car'::4])|evacuation_point1;map(['motorbike'::2014,'bicycle'::562,'pedestrian'::183,'car'::55])|evacuation_point2;map(['motorbike'::2475,'bicycle'::632,'car'::34,'pedestrian'::186])|evacuation_point3;map(['motorbike'::1418,'bicycle'::402,'car'::29,'pedestrian'::118])|evacuation_point4;map(['bicycle'::8,'motorbike'::31])|evacuation_point5;map(['motorbike'::95,'pedestrian'::13,'bicycle'::28,'car'::1])|
77.0,0,11160,1.0,1.0,0.01,0.75,evacuation_point0;map(['motorbike'::1437,'bicycle'::379,'pedestrian'::114,'car'::4])|evacuation_point1;map(['motorbike'::1877,'car'::55,'bicycle'::537,'pedestrian'::164])|evacuation_point2;map(['motorbike'::2575,'bicycle'::647,'pedestrian'::198,'car'::34])|evacuation_point3;map(['motorbike'::1407,'bicycle'::398,'pedestrian'::119,'car'::29])|evacuation_point4;map(['motorbike'::31,'bicycle'::8])|evacuation_point5;map(['motorbike'::95,'bicycle'::28,'pedestrian'::13,'car'::1])|
94.0,0,11160,1.0,1.0,0.01,0.75,evacuation_point0;map(['motorbike'::1110,'bicycle'::297,'pedestrian'::85,'car'::4])|evacuation_point1;map(['motorbike'::1964,'bicycle'::530,'pedestrian'::163,'car'::55])|evacuation_point2;map(['motorbike'::2816,'car'::34,'bicycle'::736,'pedestrian'::229])|evacuation_point3;map(['motorbike'::1406,'bicycle'::398,'car'::29,'pedestrian'::118])|evacuation_point4;map(['motorbike'::31,'bicycle'::8])|evacuation_point5;map(['motorbike'::95,'pedestrian'::13,'bicycle'::28,'car'::1])|
73.0,0,11280,1.0,1.0,0.01,0.75,evacuation_point0;map(['motorbike'::1447,'bicycle'::394,'pedestrian'::116,'car'::4])|evacuation_point1;map(['motorbike'::1931,'pedestrian'::169,'bicycle'::525,'car'::55])|evacuation_point2;map(['motorbike'::2511,'bicycle'::644,'pedestrian'::192,'car'::34])|evacuation_point3;map(['motorbike'::1406,'bicycle'::398,'car'::29,'pedestrian'::118])|evacuation_point4;map(['motorbike'::32,'bicycle'::8])|evacuation_point5;map(['motorbike'::95,'bicycle'::28,'pedestrian'::13,'car'::1])|
78.0,0,11160,1.0,1.0,0.01,0.75,evacuation_point0;map(['motorbike'::1551,'bicycle'::395,'pedestrian'::124,'car'::4])|evacuation_point1;map(['motorbike'::1988,'bicycle'::559,'pedestrian'::176,'car'::55])|evacuation_point2;map(['motorbike'::2351,'bicycle'::609,'car'::34,'pedestrian'::177])|evacuation_point3;map(['motorbike'::1394,'bicycle'::394,'car'::29,'pedestrian'::118])|evacuation_point4;map(['bicycle'::9,'motorbike'::31])|evacuation_point5;map(['motorbike'::107,'pedestrian'::13,'bicycle'::31,'car'::1])|
72.0,0,11400,1.0,1.0,0.01,0.75,evacuation_point0;map(['motorbike'::1461,'bicycle'::385,'pedestrian'::108,'car'::4])|evacuation_point1;map(['motorbike'::1909,'bicycle'::535,'pedestrian'::178,'car'::55])|evacuation_point2;map(['motorbike'::2520,'bicycle'::643,'car'::34,'pedestrian'::191])|evacuation_point3;map(['motorbike'::1401,'bicycle'::397,'car'::29,'pedestrian'::118])|evacuation_point4;map(['motorbike'::34,'bicycle'::8])|evacuation_point5;map(['motorbike'::97,'car'::1,'bicycle'::29,'pedestrian'::13])|
86.0,0,11400,1.0,1.0,0.01,0.75,evacuation_point0;map(['motorbike'::1627,'bicycle'::458,'pedestrian'::138,'car'::4])|evacuation_point1;map(['motorbike'::1997,'bicycle'::545,'pedestrian'::176,'car'::55])|evacuation_point2;map(['motorbike'::2260,'bicycle'::559,'car'::34,'pedestrian'::163])|evacuation_point3;map(['motorbike'::1412,'bicycle'::399,'car'::29,'pedestrian'::118])|evacuation_point4;map(['motorbike'::31,'bicycle'::8])|evacuation_point5;map(['motorbike'::95,'pedestrian'::13,'bicycle'::28,'car'::1])|
91.0,0,11640,1.0,1.0,0.01,0.75,evacuation_point0;map(['motorbike'::1244,'bicycle'::340,'pedestrian'::96,'car'::4])|evacuation_point1;map(['motorbike'::2075,'car'::55,'bicycle'::570,'pedestrian'::180])|evacuation_point2;map(['motorbike'::2571,'bicycle'::652,'pedestrian'::201,'car'::34])|evacuation_point3;map(['motorbike'::1406,'bicycle'::399,'pedestrian'::118,'car'::29])|evacuation_point4;map(['motorbike'::31,'bicycle'::8])|evacuation_point5;map(['bicycle'::28,'motorbike'::95,'pedestrian'::13,'car'::1])|
87.0,0,11880,1.0,1.0,0.01,0.75,evacuation_point0;map(['motorbike'::1467,'bicycle'::398,'pedestrian'::126,'car'::4])|evacuation_point1;map(['motorbike'::1917,'bicycle'::525,'car'::55,'pedestrian'::167])|evacuation_point2;map(['motorbike'::2505,'car'::34,'bicycle'::640,'pedestrian'::184])|evacuation_point3;map(['motorbike'::1407,'bicycle'::398,'car'::29,'pedestrian'::117])|evacuation_point4;map(['motorbike'::31,'bicycle'::8,'pedestrian'::1])|evacuation_point5;map(['bicycle'::28,'motorbike'::95,'pedestrian'::13,'car'::1])|
81.0,0,11880,1.0,1.0,0.01,0.75,evacuation_point0;map(['motorbike'::1102,'bicycle'::314,'pedestrian'::80,'car'::4])|evacuation_point1;map(['motorbike'::2056,'bicycle'::535,'pedestrian'::177,'car'::55])|evacuation_point2;map(['motorbike'::2727,'bicycle'::710,'pedestrian'::220,'car'::34])|evacuation_point3;map(['motorbike'::1410,'bicycle'::402,'car'::29,'pedestrian'::118])|evacuation_point4;map(['motorbike'::32,'bicycle'::8])|evacuation_point5;map(['bicycle'::28,'motorbike'::95,'pedestrian'::13,'car'::1])|
85.0,0,11880,1.0,1.0,0.01,0.75,evacuation_point0;map(['motorbike'::1013,'bicycle'::253,'pedestrian'::81,'car'::4])|evacuation_point1;map(['motorbike'::2129,'bicycle'::588,'pedestrian'::174,'car'::55])|evacuation_point2;map(['motorbike'::2743,'bicycle'::719,'car'::34,'pedestrian'::220])|evacuation_point3;map(['motorbike'::1411,'pedestrian'::120,'bicycle'::401,'car'::29])|evacuation_point4;map(['motorbike'::31,'bicycle'::8])|evacuation_point5;map(['motorbike'::95,'bicycle'::28,'pedestrian'::13,'car'::1])|
74.0,0,12480,1.0,1.0,0.01,0.75,evacuation_point0;map(['motorbike'::1340,'bicycle'::343,'pedestrian'::96,'car'::4])|evacuation_point1;map(['motorbike'::1917,'bicycle'::568,'pedestrian'::184,'car'::55])|evacuation_point2;map(['bicycle'::651,'motorbike'::2632,'car'::34,'pedestrian'::197])|evacuation_point3;map(['motorbike'::1406,'bicycle'::399,'car'::29,'pedestrian'::118])|evacuation_point4;map(['motorbike'::32,'bicycle'::8])|evacuation_point5;map(['motorbike'::95,'bicycle'::28,'pedestrian'::13,'car'::1])|
76.0,0,12960,1.0,1.0,0.01,0.75,evacuation_point0;map(['motorbike'::1235,'bicycle'::331,'pedestrian'::95,'car'::4])|evacuation_point1;map(['motorbike'::1920,'bicycle'::538,'car'::55,'pedestrian'::167])|evacuation_point2;map(['motorbike'::2735,'car'::34,'bicycle'::694,'pedestrian'::215])|evacuation_point3;map(['bicycle'::398,'motorbike'::1405,'pedestrian'::118,'car'::29])|evacuation_point4;map(['motorbike'::32,'bicycle'::8])|evacuation_point5;map(['motorbike'::95,'pedestrian'::13,'bicycle'::28,'car'::1])|
93.0,0,13440,1.0,1.0,0.01,0.75,evacuation_point0;map(['motorbike'::1160,'bicycle'::306,'pedestrian'::78,'car'::4])|evacuation_point1;map(['motorbike'::2118,'bicycle'::604,'pedestrian'::195,'car'::55])|evacuation_point2;map(['motorbike'::2540,'bicycle'::639,'car'::34,'pedestrian'::199])|evacuation_point3;map(['motorbike'::1478,'bicycle'::412,'pedestrian'::123,'car'::29])|evacuation_point4;map(['motorbike'::31,'bicycle'::8])|evacuation_point5;map(['car'::1,'motorbike'::95,'bicycle'::28,'pedestrian'::13])|
95.0,0,12000,1.0,1.0,0.01,0.75,evacuation_point0;map(['motorbike'::1144,'bicycle'::299,'pedestrian'::91,'car'::4])|evacuation_point1;map(['motorbike'::1963,'bicycle'::532,'pedestrian'::162,'car'::55])|evacuation_point2;map(['motorbike'::2766,'bicycle'::729,'pedestrian'::223,'car'::34])|evacuation_point3;map(['motorbike'::1422,'bicycle'::401,'pedestrian'::119,'car'::29])|evacuation_point4;map(['bicycle'::8,'motorbike'::32])|evacuation_point5;map(['motorbike'::95,'bicycle'::28,'pedestrian'::13,'car'::1])|
97.0,0,11640,1.0,1.0,0.01,0.75,evacuation_point0;map(['motorbike'::1306,'bicycle'::325,'pedestrian'::99,'car'::4])|evacuation_point1;map(['motorbike'::1844,'bicycle'::538,'pedestrian'::156,'car'::55])|evacuation_point2;map(['motorbike'::2739,'car'::34,'bicycle'::700,'pedestrian'::222])|evacuation_point3;map(['motorbike'::1405,'bicycle'::398,'pedestrian'::118,'car'::29])|evacuation_point4;map(['motorbike'::33,'bicycle'::8])|evacuation_point5;map(['motorbike'::95,'bicycle'::28,'pedestrian'::13,'car'::1])|
100.0,0,13320,1.0,1.0,0.01,0.75,evacuation_point0;map(['motorbike'::1358,'bicycle'::359,'pedestrian'::104,'car'::4])|evacuation_point1;map(['motorbike'::1831,'bicycle'::529,'pedestrian'::167,'car'::55])|evacuation_point2;map(['motorbike'::2698,'bicycle'::675,'car'::34,'pedestrian'::206])|evacuation_point3;map(['motorbike'::1408,'bicycle'::398,'pedestrian'::118,'car'::29])|evacuation_point4;map(['motorbike'::32,'bicycle'::8])|evacuation_point5;map(['motorbike'::95,'bicycle'::28,'pedestrian'::13,'car'::1])|
96.0,0,11400,1.0,1.0,0.01,0.75,evacuation_point0;map(['motorbike'::1254,'bicycle'::336,'pedestrian'::90,'car'::4])|evacuation_point1;map(['motorbike'::2031,'bicycle'::551,'car'::55,'pedestrian'::181])|evacuation_point2;map(['motorbike'::2605,'bicycle'::676,'pedestrian'::206,'car'::34])|evacuation_point3;map(['motorbike'::1406,'bicycle'::398,'pedestrian'::118,'car'::29])|evacuation_point4;map(['motorbike'::31,'bicycle'::8])|evacuation_point5;map(['motorbike'::95,'bicycle'::28,'pedestrian'::13,'car'::1])|
